model,feature,regularization,C,auc_mean,auc_std,featureDiscarded_mean,featureDiscarded_std,time_mean,time_std,solver
LR,age,l2,1e-06,0.4796912957226316,0.0007121865183174805,,,5.256184657414754,0.07324104665830018,liblinear
LR,age,l2,0.001,0.43625432637313244,0.0010593162287450832,,,7.334254662195842,0.02274957331381675,liblinear
LR,age,l2,1.0,0.4362202661774553,0.0010494875834031593,,,7.300178448359172,0.012872933968792003,liblinear
LR,age,l2,1000.0,0.4362202661774553,0.0010494875834031593,,,7.446656306584676,0.033833317303104155,liblinear
LR,age,l2,1000000.0,0.4362202661774553,0.0010494875834031593,,,7.457616249720256,0.061558187799801496,liblinear
LR,age,l1,1e-06,0.5,0.0,6.0,0.0,3.5546083450317383,0.246143824222401,liblinear
LR,age,l1,0.001,0.4362230610893966,0.0010470090128204973,2.0,0.0,20.775235335032146,1.8816450996942784,liblinear
LR,age,l1,1.0,0.4362202661774553,0.0010494875834031593,0.0,0.0,5.716281970342,0.1917283572400362,liblinear
LR,age,l1,1000.0,0.4362202661774553,0.0010494875834031593,0.0,0.0,5.819247484207153,0.31145915354412296,liblinear
LR,age,l1,1000000.0,0.4362202661774553,0.0010494875834031593,0.0,0.0,5.851306041081746,0.3400345567283762,liblinear
LR,gender,l2,1e-06,0.5113129484378055,0.0001576869895419576,,,5.9949212074279785,0.049675950354180626,liblinear
LR,gender,l2,0.001,0.4885469175198656,0.00010576114334597693,,,7.650335629781087,0.013361045563203831,liblinear
LR,gender,l2,1.0,0.4885469175198656,0.00010576114334597693,,,8.529829661051432,0.029778924685163126,liblinear
LR,gender,l2,1000.0,0.4885469175198656,0.00010576114334597693,,,8.542343934377035,0.02294944052617118,liblinear
LR,gender,l2,1000000.0,0.4885469175198656,0.00010576114334597693,,,8.6397492090861,0.10366004439924834,liblinear
LR,gender,l1,1e-06,0.5,0.0,3.0,0.0,4.748970031738281,0.3913677293260567,liblinear
LR,gender,l1,0.001,0.48855999091810687,0.00012310096245959817,2.0,0.0,26.600194692611694,4.005773672283863,liblinear
LR,gender,l1,1.0,0.4885469175198656,0.00010576114334597693,0.0,0.0,5.407603104909261,0.23958893658175903,liblinear
LR,gender,l1,1000.0,0.4885469175198656,0.00010576114334597693,0.0,0.0,5.306203126907349,0.169116176274675,liblinear
LR,gender,l1,1000000.0,0.4885469175198656,0.00010576114334597693,0.0,0.0,5.75622296333313,0.22942310846414182,liblinear
LR,education,l2,1e-06,0.48469214764335966,0.00101017935340259,,,5.805551449457805,0.14023554362921647,liblinear
LR,education,l2,0.001,0.46094238271413146,0.0009338889713660244,,,8.462988058725992,0.09239422470665845,liblinear
LR,education,l2,1.0,0.46078918614203235,0.0008729598537002443,,,9.723132769266764,0.03229407319539915,liblinear
LR,education,l2,1000.0,0.46078918614203235,0.0008729598537002443,,,9.79475180308024,0.28964537067066454,liblinear
LR,education,l2,1000000.0,0.46078918614203235,0.0008729598537002443,,,9.837700366973877,0.136282116082159,liblinear
LR,education,l1,1e-06,0.5,0.0,8.0,0.0,4.943633874257405,0.0564040251755559,liblinear
LR,education,l1,0.001,0.46210646401665434,0.0009968981267870925,3.0,0.0,16.510124683380127,3.005662055793144,liblinear
LR,education,l1,1.0,0.46078918614203235,0.0008729598537002443,0.0,0.0,5.7463226318359375,0.023922837596202135,liblinear
LR,education,l1,1000.0,0.46078918614203235,0.0008729598537002443,0.0,0.0,6.078411181767781,0.6423573730117113,liblinear
LR,education,l1,1000000.0,0.46078918614203235,0.0008729598537002443,0.0,0.0,6.362274169921875,0.2111322721657805,liblinear
LR,consumptionAbility,l2,1e-06,0.4793661529372571,0.0004316867691305911,,,4.729750951131185,0.3162427783779457,liblinear
LR,consumptionAbility,l2,0.001,0.4685255310507661,0.00016813556559455917,,,7.355750401814778,0.06766677643997748,liblinear
LR,consumptionAbility,l2,1.0,0.4685255310507661,0.00016813556559455917,,,7.421491940816243,0.013159016041087788,liblinear
LR,consumptionAbility,l2,1000.0,0.4685255310507661,0.00016813556559455917,,,7.815357605616252,0.23003106314190755,liblinear
LR,consumptionAbility,l2,1000000.0,0.4685255310507661,0.00016813556559455917,,,7.218747456868489,0.21810297598522407,liblinear
LR,consumptionAbility,l1,1e-06,0.5,0.0,3.0,0.0,3.351461092631022,0.3210662535988754,liblinear
LR,consumptionAbility,l1,0.001,0.4685255310507661,0.00016813556559455917,1.0,0.0,25.8708332379659,6.845626701264741,liblinear
LR,consumptionAbility,l1,1.0,0.4685255310507661,0.00016813556559455917,0.0,0.0,5.212108135223389,0.16606988209262502,liblinear
LR,consumptionAbility,l1,1000.0,0.4685255310507661,0.00016813556559455917,0.0,0.0,5.306491692860921,0.21032878305148114,liblinear
LR,consumptionAbility,l1,1000000.0,0.4685255310507661,0.00016813556559455917,0.0,0.0,6.028844594955444,0.7693678516335166,liblinear
LR,LBS,l2,1e-06,0.487476243380677,0.000698693476304214,,,3.5159995555877686,0.05846671392164328,liblinear
LR,LBS,l2,0.001,0.47378352926991907,0.0010837242166925206,,,6.4090133508046465,0.4576463822449886,liblinear
LR,LBS,l2,1.0,0.4727691010769833,0.0012120332134743957,,,30.281932433446247,3.370727627948757,liblinear
LR,LBS,l2,1000.0,0.47276417730082915,0.001201265740604675,,,111.58394312858582,39.53868819059656,liblinear
LR,LBS,l2,1000000.0,0.4727711948984518,0.0012039042036824988,,,107.38565397262573,15.6599779567983,liblinear
LR,LBS,l1,1e-06,0.5,0.0,856.0,0.0,3.7433253129323325,0.02389677935889397,liblinear
LR,LBS,l1,0.001,0.49780743758946455,4.5912892195569896e-05,855.0,0.0,5.876654624938965,0.17832625437395147,liblinear
LR,LBS,l1,1.0,0.47274933880895514,0.00123187707314655,423.3333333333333,6.236095644623236,265.3244767189026,74.1391681917416,liblinear
LR,LBS,l1,1000.0,0.47276322077535765,0.0012156879015833722,46.333333333333336,3.7712361663282534,6.200308958689372,0.3250103985042513,liblinear
LR,LBS,l1,1000000.0,0.47276308366702846,0.0012156690471200554,46.0,3.559026084010437,6.61252490679423,0.08777196544407581,liblinear
LR,carrier,l2,1e-06,0.4951227617925833,0.0004668710792849235,,,4.102443695068359,0.021537574839143862,liblinear
LR,carrier,l2,0.001,0.48045049540610046,0.0008187094442267232,,,5.591516574223836,0.010598269754984586,liblinear
LR,carrier,l2,1.0,0.48045049540610046,0.0008187094442267232,,,5.588732560475667,0.0025214599788591636,liblinear
LR,carrier,l2,1000.0,0.48045049540610046,0.0008187094442267232,,,6.463639100392659,0.32290305031889754,liblinear
LR,carrier,l2,1000000.0,0.48045049540610046,0.0008187094442267232,,,7.013346831003825,0.06019918614427074,liblinear
LR,carrier,l1,1e-06,0.5,0.0,4.0,0.0,2.8831737836201987,0.010782277091149676,liblinear
LR,carrier,l1,0.001,0.48045049540610046,0.0008187094442267232,1.0,0.0,21.35799479484558,4.833385468521389,liblinear
LR,carrier,l1,1.0,0.48045049540610046,0.0008187094442267232,0.0,0.0,3.8476106325785318,0.03458385844239225,liblinear
LR,carrier,l1,1000.0,0.48045049540610046,0.0008187094442267232,0.0,0.0,4.700366099675496,0.27299046429552803,liblinear
LR,carrier,l1,1000000.0,0.48045049540610046,0.0008187094442267232,0.0,0.0,5.5132373968760175,0.1645146051762801,liblinear
LR,house,l2,1e-06,0.5080095981889431,5.885103716071389e-05,,,4.034369945526123,0.02519936761243729,liblinear
LR,house,l2,0.001,0.49199040181105697,5.885103716071389e-05,,,4.83839225769043,0.007826998955143025,liblinear
LR,house,l2,1.0,0.49199040181105697,5.885103716071389e-05,,,4.812954584757487,0.022501084703640758,liblinear
LR,house,l2,1000.0,0.49199040181105697,5.885103716071389e-05,,,5.608628511428833,0.33301195150821467,liblinear
LR,house,l2,1000000.0,0.49199040181105697,5.885103716071389e-05,,,6.0660271644592285,0.00817813002873959,liblinear
LR,house,l1,1e-06,0.5,0.0,2.0,0.0,2.8517711957295737,0.021697518071473302,liblinear
LR,house,l1,0.001,0.49199040181105697,5.885103716071389e-05,1.0,0.0,31.904542684555054,18.45360479449748,liblinear
LR,house,l1,1.0,0.49199040181105697,5.885103716071389e-05,0.0,0.0,3.976562261581421,0.153668990108037,liblinear
LR,house,l1,1000.0,0.49199040181105697,5.885103716071389e-05,0.0,0.0,4.315295298894246,0.07563848391733646,liblinear
LR,house,l1,1000000.0,0.49199040181105697,5.885103716071389e-05,0.0,0.0,4.93269141515096,0.19945036108620903,liblinear
LR,marriageStatus,l2,1e-06,0.532797259249766,0.0004067904063333408,,,4.412626425425212,0.009532303574127833,liblinear
LR,marriageStatus,l2,0.001,0.4607833900524037,0.000864461895734612,,,6.881504774093628,0.009319205864831807,liblinear
LR,marriageStatus,l2,1.0,0.460333098044399,0.0007958207237740092,,,8.148386398951212,0.10178862021718084,liblinear
LR,marriageStatus,l2,1000.0,0.46033297281920565,0.0007956507350101782,,,9.83801531791687,0.3187068003896847,liblinear
LR,marriageStatus,l2,1000000.0,0.46033297281920565,0.0007956507350101782,,,10.21982447306315,0.12544047753171939,liblinear
LR,marriageStatus,l1,1e-06,0.5,0.0,13.0,0.0,3.1990581353505454,0.24294019155332594,liblinear
LR,marriageStatus,l1,0.001,0.46101109507956445,0.0008350990270861848,9.0,0.0,15.664633433024088,0.9466568591265302,liblinear
LR,marriageStatus,l1,1.0,0.460333564925213,0.0007913948427250103,2.3333333333333335,0.4714045207910317,32.32370185852051,2.247371338812556,liblinear
LR,marriageStatus,l1,1000.0,0.4603264036050347,0.0007871759470522848,0.3333333333333333,0.4714045207910317,30.353776295979817,3.1453847968417907,liblinear
LR,marriageStatus,l1,1000000.0,0.4603263153996667,0.0007872196361851236,0.3333333333333333,0.4714045207910317,35.96384406089783,0.8126104785033457,liblinear
LR,interest1,l2,1e-06,0.47294360611271374,0.0002463053716158786,,,10.428588390350342,0.19784685974114663,liblinear
LR,interest1,l2,0.001,0.44753897319126085,0.0005556960195446667,,,27.217737913131714,0.30374917735784435,liblinear
LR,interest1,l2,1.0,0.4468712731873075,0.0004640198938302829,,,41.18262298901876,1.0175294380143471,liblinear
LR,interest1,l2,1000.0,0.44687407396696543,0.00046736779500742225,,,41.422591050465904,0.3650377778463983,liblinear
LR,interest1,l2,1000000.0,0.4468767300760346,0.0004665937479350235,,,41.66895325978597,1.2703539303306897,liblinear
LR,interest1,l1,1e-06,0.5,0.0,123.0,0.0,8.778068939844767,1.006165342541211,liblinear
LR,interest1,l1,0.001,0.4510126509078467,0.00048799321106444456,98.0,0.816496580927726,48.74336369832357,4.332598474760054,liblinear
LR,interest1,l1,1.0,0.44686912495022485,0.00047223941557902297,1.3333333333333333,0.4714045207910317,118.07768821716309,18.03172110576813,liblinear
LR,interest1,l1,1000.0,0.44687164127193707,0.00046525517645134125,0.0,0.0,90.76831364631653,8.079535926433294,liblinear
LR,interest1,l1,1000000.0,0.4468634606190016,0.00047335251195412733,0.0,0.0,112.76550753911336,11.576724895106963,liblinear
LR,interest2,l2,1e-06,0.5295086183201324,0.0005389477113320295,,,7.3899359703063965,0.027990962429263008,liblinear
LR,interest2,l2,0.001,0.3958380874769554,0.000255004111559943,,,17.175647656122845,0.02341297011711376,liblinear
LR,interest2,l2,1.0,0.39581872536885276,0.00023761067198418856,,,35.543492476145424,0.5931474961309625,liblinear
LR,interest2,l2,1000.0,0.3958215963783831,0.00023702834302898927,,,41.058823029200234,0.2568115213208191,liblinear
LR,interest2,l2,1000000.0,0.39583720324268684,0.0002204949481129916,,,41.40366657574972,0.7677462182054462,liblinear
LR,interest2,l1,1e-06,0.5,0.0,81.0,0.0,4.8925407727559405,0.014650401574634785,liblinear
LR,interest2,l1,0.001,0.39702754046175226,0.00016410952857257268,53.333333333333336,1.247219128924647,27.05255691210429,2.827818316896098,liblinear
LR,interest2,l1,1.0,0.3958118336210244,0.0002337750953034758,1.6666666666666667,0.9428090415820634,77.872323513031,25.11254262895601,liblinear
LR,interest2,l1,1000.0,0.39583206678234983,0.0002283361579025291,0.0,0.0,79.10423390070598,13.392033563137597,liblinear
LR,interest2,l1,1000000.0,0.3958180333415852,0.00022626295566182715,0.0,0.0,71.65856647491455,12.618619323064724,liblinear
LR,interest3,l2,1e-06,0.49779901451842307,0.00019425612639240646,,,4.195634285608928,0.01786128927951241,liblinear
LR,interest3,l2,0.001,0.4977986446113962,0.00019504451452613392,,,5.927178939183553,0.017987243442670102,liblinear
LR,interest3,l2,1.0,0.4977959857986966,0.00019420197294838532,,,7.055188099543254,0.02206016262203741,liblinear
LR,interest3,l2,1000.0,0.49779645246425686,0.00019380980679405195,,,7.068398078282674,0.027016812309932723,liblinear
LR,interest3,l2,1000000.0,0.49779645246425686,0.00019380980679405195,,,8.391668637593588,0.28904526214176285,liblinear
LR,interest3,l1,1e-06,0.5,0.0,11.0,0.0,4.952103137969971,1.3927817182439406,liblinear
LR,interest3,l1,0.001,0.4977981202357178,0.00019382366094128925,10.0,0.0,29.6825168132782,5.9824247577731855,liblinear
LR,interest3,l1,1.0,0.49779600402671803,0.0001942937780964897,0.0,0.0,100.84970116615295,36.84399225299951,liblinear
LR,interest3,l1,1000.0,0.49779643927715406,0.00019361501030159135,0.0,0.0,138.24742698669434,12.663738288733752,liblinear
LR,interest3,l1,1000000.0,0.4977964095089633,0.000193555730354036,0.0,0.0,137.66360561052957,10.325687710839274,liblinear
LR,interest4,l2,1e-06,0.49847636978984816,0.00020296891317990313,,,4.144749879837036,0.011317199612303493,liblinear
LR,interest4,l2,0.001,0.49856396379033,0.00029582718238597495,,,6.417491277058919,0.028490729164444194,liblinear
LR,interest4,l2,1.0,0.4984626929853855,0.00019109528158829084,,,6.724973281224568,0.09480336866291714,liblinear
LR,interest4,l2,1000.0,0.498465655592695,0.00018696909240229886,,,6.8137898445129395,0.10517655034172207,liblinear
LR,interest4,l2,1000000.0,0.498465655592695,0.00018696909240229886,,,8.120094378789267,0.2149907503856511,liblinear
LR,interest4,l1,1e-06,0.5,0.0,11.0,0.0,6.086380243301392,1.2386305043879173,liblinear
LR,interest4,l1,0.001,0.4984803876818587,0.0002003677899979912,10.0,0.0,22.224618275960285,5.591022032786244,liblinear
LR,interest4,l1,1.0,0.49845999975303057,0.00020651753628180719,1.0,0.816496580927726,82.47117551167806,20.652935469557505,liblinear
LR,interest4,l1,1000.0,0.49845620594863416,0.00020427778000863865,0.0,0.0,68.79098725318909,34.27827052913393,liblinear
LR,interest4,l1,1000000.0,0.4984583536224338,0.0002045925708007033,0.0,0.0,67.56692107518514,20.992976857253893,liblinear
LR,interest5,l2,1e-06,0.4757146682479419,0.0002941693497701066,,,12.11616563796997,0.105308941712402,liblinear
LR,interest5,l2,0.001,0.4296790478970685,0.0009231902419661467,,,26.91574231783549,0.16927562574832858,liblinear
LR,interest5,l2,1.0,0.428303127796819,0.0008337877000104274,,,50.80908600489298,5.8886258276726045,liblinear
LR,interest5,l2,1000.0,0.42830138708673965,0.0008338892318665127,,,50.931909481684364,6.25655124418972,liblinear
LR,interest5,l2,1000000.0,0.4283022806167163,0.0008364476364684835,,,50.50104339917501,5.923181607062741,liblinear
LR,interest5,l1,1e-06,0.5,0.0,137.0,0.0,8.95372231801351,0.22327747610410115,liblinear
LR,interest5,l1,0.001,0.4329783118288298,0.0008380097035878302,100.33333333333333,0.9428090415820634,53.72110239664713,0.9695157270431215,liblinear
LR,interest5,l1,1.0,0.42831462202639287,0.000830725347573377,0.6666666666666666,0.4714045207910317,154.2738480567932,8.349749467858,liblinear
LR,interest5,l1,1000.0,0.4282983804342713,0.0008216478916862315,0.0,0.0,167.46351186434427,7.909800070446105,liblinear
LR,interest5,l1,1000000.0,0.42831089588413934,0.0008194410493858818,0.0,0.0,164.9654325644175,5.422298003659624,liblinear
LR,kw1,l2,1e-06,0.5060563801930794,0.0009283420247323985,,,6.44456426302592,0.10574233416177492,liblinear
LR,kw1,l2,0.001,0.45120373318022894,0.0006916279126698623,,,13.300574779510498,0.2423795674589703,liblinear
LR,kw1,l2,1.0,0.4540237260617379,0.0009186058619174382,,,173.78581976890564,8.033288787027006,liblinear
LR,kw1,l2,1000.0,0.4593734455311362,0.0012115473903617179,,,1153.736478249232,82.60569704348025,liblinear
LR,kw1,l2,1000000.0,0.4593858305200185,0.0011625140227703886,,,1051.3869164784749,57.73518325188615,liblinear
LR,kw1,l1,1e-06,0.5,0.0,259909.0,0.0,7.69028886159261,0.03812235109666945,liblinear
LR,kw1,l1,0.001,0.48409752894571056,0.0004155538806411407,259903.66666666666,0.4714045207910317,15.033137083053589,0.6734436367570305,liblinear
LR,kw1,l1,1.0,0.4513832610216432,0.0009358639817036739,218633.33333333334,103.69935176053684,138.4356725215912,11.031979036352453,liblinear
LR,kw1,l1,1000.0,0.459574319885622,0.0012599867054596,29970.666666666668,35.91038228083288,697.1882954438528,287.47564532129235,liblinear
LR,kw1,l1,1000000.0,0.45955875802099894,0.0012606210318353939,29621.333333333332,50.6776303927307,612.9067567984263,137.33155296801874,liblinear
LR,kw2,l2,1e-06,0.45099699885745076,0.0008242142638233193,,,5.54800812403361,0.07184574517181037,liblinear
LR,kw2,l2,0.001,0.36013502964281513,0.0010685760032526689,,,12.431994597117106,0.1148552298825859,liblinear
LR,kw2,l2,1.0,0.35262099807145786,0.0007306747133513643,,,131.04099337259927,9.158369123041194,liblinear
LR,kw2,l2,1000.0,0.3561415944166811,0.0007949325350170888,,,1367.589677810669,255.70370474730737,liblinear
LR,kw2,l2,1000000.0,0.3561619592773733,0.0007936649755492883,,,1479.6928331057231,364.169178115678,liblinear
LR,kw2,l1,1e-06,0.5,0.0,49197.0,0.0,7.096620241800944,0.01822551865066659,liblinear
LR,kw2,l1,0.001,0.40057046233223503,0.0016792617928661818,49152.333333333336,0.9428090415820634,19.49832582473755,0.33913538887390476,liblinear
LR,kw2,l1,1.0,0.35098014964991214,0.0007383456326683867,37332.0,27.434771124736336,354.83092284202576,21.88290705977732,liblinear
LR,kw2,l1,1000.0,0.35623089974329486,0.0007548369462461965,5662.666666666667,53.1057644914582,1804.5867223739624,487.82812698321897,liblinear
LR,kw2,l1,1000000.0,0.35624398625746473,0.0007582929822333298,5486.666666666667,44.90978611493144,1151.3494041760762,582.376707755907,liblinear
LR,kw3,l2,1e-06,0.4965875961662745,0.000317121624144972,,,4.209244569142659,0.025100764181000716,liblinear
LR,kw3,l2,0.001,0.49664255982240935,0.00029297019548618397,,,6.00814414024353,0.00974136417340357,liblinear
LR,kw3,l2,1.0,0.49788849908810356,0.000206806729384706,,,31.533849318822224,1.7485008878141786,liblinear
LR,kw3,l2,1000.0,0.4980687722694708,0.00013088437906713066,,,138.99840227762857,28.352123251475234,liblinear
LR,kw3,l2,1000000.0,0.49800748817506085,0.00013337761870766426,,,174.03671566645303,30.005568751029475,liblinear
LR,kw3,l1,1e-06,0.5,0.0,11922.0,0.0,3.9683013757069907,1.2103155007411683,liblinear
LR,kw3,l1,0.001,0.49660037524490247,0.00031646465583246025,11921.0,0.0,15.823868672053019,6.979618251077287,liblinear
LR,kw3,l1,1.0,0.4977261503089143,0.0003632203431282023,10343.333333333334,20.138409955990955,211.6418350537618,75.50195228559451,liblinear
LR,kw3,l1,1000.0,0.49802497149563574,0.00019955472797103432,2514.6666666666665,36.81787005729087,17.57800356547038,4.745064696438216,liblinear
LR,kw3,l1,1000000.0,0.49805145306199505,0.00016374412004569063,2225.6666666666665,184.24138755689202,442.8941281636556,574.7966451615487,liblinear
LR,topic1,l2,1e-06,0.5009565012248444,0.00015050928240599928,,,4.737396001815796,0.06856059974461204,liblinear
LR,topic1,l2,0.001,0.4598783742959856,0.0004884227481943014,,,11.926062107086182,0.05535480484154408,liblinear
LR,topic1,l2,1.0,0.46369587497457193,0.000529254844160589,,,80.87272397677104,2.788163870313135,liblinear
LR,topic1,l2,1000.0,0.46393739864910427,0.0004946398089707483,,,253.39393480618796,45.309395717007035,liblinear
LR,topic1,l2,1000000.0,0.4639685699443115,0.0004978677310080791,,,188.0781413714091,23.822232464008003,liblinear
LR,topic1,l1,1e-06,0.5,0.0,10001.0,0.0,7.067315022150676,0.03860384582442861,liblinear
LR,topic1,l1,0.001,0.48756145654373445,0.000646041988676424,9997.0,0.0,14.780827522277832,0.52954943718801,liblinear
LR,topic1,l1,1.0,0.46286428261249135,0.0005532589200822157,1647.3333333333333,17.326921891156037,679.7249704202017,26.96572228289615,liblinear
LR,topic1,l1,1000.0,0.4639376870848726,0.0005084965396289247,2.3333333333333335,1.8856180831641267,7030.018579324086,3156.514116131848,liblinear
LR,topic1,l1,1000000.0,0.4639392341403994,0.0005078659151599433,0.0,0.0,4573.4259154001875,332.9765921288635,liblinear
LR,topic2,l2,1e-06,0.4820825435891017,0.000340542171440802,,,5.00610876083374,0.011262448638456475,liblinear
LR,topic2,l2,0.001,0.3902614089017129,7.288824100481499e-05,,,9.719092210133871,0.1005382689751654,liblinear
LR,topic2,l2,1.0,0.3833434983322364,8.65983601280663e-05,,,57.60800989468893,5.505575787525568,liblinear
LR,topic2,l2,1000.0,0.3837258398242253,9.781276075504e-05,,,241.16460609436035,66.46427692783314,liblinear
LR,topic2,l2,1000000.0,0.38372267774177216,9.819504389892692e-05,,,320.6961003939311,34.60497685464191,liblinear
LR,topic2,l1,1e-06,0.5,0.0,9980.0,0.0,7.174598693847656,0.013573624301310932,liblinear
LR,topic2,l1,0.001,0.43912040144441633,0.0007338435550145569,9947.0,0.816496580927726,15.286412636439005,1.5425274485994322,liblinear
LR,topic2,l1,1.0,0.3829759630538476,0.00010191808644254447,2213.0,27.434771124736336,1023.2579253514608,53.76960230075054,liblinear
LR,topic2,l1,1000.0,0.38375254750375004,7.18629749225545e-05,28.333333333333332,21.9291789378647,2150.0751764774323,1488.2614435701216,liblinear
LR,topic2,l1,1000000.0,0.383759110423685,7.213972366081767e-05,13.0,2.8284271247461903,1386.1015333334606,1298.1112104536119,liblinear
LR,topic3,l2,1e-06,0.4966067265149114,0.0003137211912539668,,,4.183496793111165,0.009364439807974356,liblinear
LR,topic3,l2,0.001,0.4966103175186671,0.0003063302591266749,,,5.892290115356445,0.01607792175626378,liblinear
LR,topic3,l2,1.0,0.4975641813112932,0.00026977180956964437,,,28.120625257492065,0.7769225501779151,liblinear
LR,topic3,l2,1000.0,0.49754317869332415,0.0002278877159236772,,,98.7446695168813,6.397923823847829,liblinear
LR,topic3,l2,1000000.0,0.497571432481512,0.0001839560554507356,,,102.57354227701823,16.4453176393113,liblinear
LR,topic3,l1,1e-06,0.5,0.0,5873.0,0.0,4.253646691640218,0.8649291891479515,liblinear
LR,topic3,l1,0.001,0.4966106208319568,0.00030880464614560423,5872.0,0.0,16.006558020909626,0.6207200677990127,liblinear
LR,topic3,l1,1.0,0.4974385426811807,8.931869353229266e-05,4322.0,18.40289832245635,213.511798620224,82.5643783650554,liblinear
LR,topic3,l1,1000.0,0.49755851949204893,0.00023455640404317633,668.3333333333334,22.661764175711376,10.63569951057434,0.8249734179393733,liblinear
LR,topic3,l1,1000000.0,0.49754568623570666,0.000241433915818222,425.3333333333333,33.06895153396242,8.944179932276407,1.3840180002864992,liblinear
LR,appIdInstall,l2,1e-06,0.4982790473490358,0.000320989188813958,,,5.014443397521973,0.007780632086642314,liblinear
LR,appIdInstall,l2,0.001,0.49843163437546617,0.00014000721956458056,,,9.116119623184204,0.16328261916990347,liblinear
LR,appIdInstall,l2,1.0,0.49922681652166284,0.0001278211795547638,,,182.6014873186747,6.7971940209112285,liblinear
LR,appIdInstall,l2,1000.0,0.4993141846094021,0.000129074911680098,,,191.9974095026652,24.70398023431897,liblinear
LR,appIdInstall,l2,1000000.0,0.49931478910465205,0.00015199700072314535,,,210.3513136704763,20.1230396088516,liblinear
LR,appIdInstall,l1,1e-06,0.5,0.0,64856.0,0.0,7.308166106541951,1.9985154783867385,liblinear
LR,appIdInstall,l1,0.001,0.49805117920718095,0.00021251134174584486,64855.0,0.0,21.00624457995097,3.5332918429715137,liblinear
LR,appIdInstall,l1,1.0,0.49898592253123786,0.00020429778115993482,56153.0,52.33227175144097,233.34494002660117,35.845851132084775,liblinear
LR,appIdInstall,l1,1000.0,0.4996908828975755,0.00010704874127135996,35560.333333333336,1078.163356000482,3430.2278469403586,744.4526348199521,liblinear
LR,appIdInstall,l1,1000000.0,0.4997074239127375,0.0001600050942987968,28471.666666666668,267.7839095655716,5559.8290821711225,383.5325033882104,liblinear
LR,appIdAction,l2,1e-06,0.4984546119234185,0.00013452012199965786,,,4.487735589345296,0.4581929868523032,liblinear
LR,appIdAction,l2,0.001,0.49847542807840634,0.00014535099742660977,,,6.512304862340291,0.06042939690077989,liblinear
LR,appIdAction,l2,1.0,0.49876594081351694,8.011534870851286e-05,,,30.209996461868286,5.10985886075272,liblinear
LR,appIdAction,l2,1000.0,0.49908769876563563,4.480171353978308e-05,,,102.42060629526775,16.05961672694892,liblinear
LR,appIdAction,l2,1000000.0,0.4990378933779865,6.9727857781228e-05,,,99.24496173858643,22.95796001053991,liblinear
LR,appIdAction,l1,1e-06,0.5,0.0,6215.0,0.0,4.70703911781311,1.5251464318364494,liblinear
LR,appIdAction,l1,0.001,0.4984562267405464,0.00013279372190422447,6214.0,0.0,25.63329823811849,1.633714610182107,liblinear
LR,appIdAction,l1,1.0,0.4986636255052002,0.00012032614088729029,4481.333333333333,21.29684379328438,67.90596985816956,0.46787307664023,liblinear
LR,appIdAction,l1,1000.0,0.49910187764711617,6.41700900804348e-05,360.6666666666667,27.740864362084242,128.24698781967163,23.42270596867581,liblinear
LR,appIdAction,l1,1000000.0,0.49910072782248704,6.518069094404827e-05,300.3333333333333,22.691163233490013,80.37530660629272,26.44257819282083,liblinear
LR,ct,l2,1e-06,0.47011793597787904,0.0004928905731754469,,,5.609881401062012,0.11564276721292284,liblinear
LR,ct,l2,0.001,0.4692999504711999,0.0007322128611976256,,,7.517108678817749,0.5070980932238248,liblinear
LR,ct,l2,1.0,0.46835558810560435,0.0007838926862057977,,,8.76451841990153,0.18942465394642233,liblinear
LR,ct,l2,1000.0,0.46835558810560435,0.0007838926862057977,,,8.62651538848877,0.05542393961735128,liblinear
LR,ct,l2,1000000.0,0.46835558810560435,0.0007838926862057977,,,10.041324774424234,0.4128080509866722,liblinear
LR,ct,l1,1e-06,0.5,0.0,5.0,0.0,3.982444683710734,0.8462771035184171,liblinear
LR,ct,l1,0.001,0.4701283183021194,0.0008227029960097383,2.6666666666666665,0.4714045207910317,21.414730072021484,3.9815807472561433,liblinear
LR,ct,l1,1.0,0.46835558810560435,0.0007838926862057977,0.0,0.0,32.038976192474365,6.560876251127294,liblinear
LR,ct,l1,1000.0,0.46835558810560435,0.0007838926862057977,0.0,0.0,39.80189927419027,2.5673235955861595,liblinear
LR,ct,l1,1000000.0,0.46835558810560435,0.0007838926862057977,0.0,0.0,39.24401275316874,2.84133504026198,liblinear
LR,os,l2,1e-06,0.5004898703326428,0.0005913664427394683,,,4.227455457051595,0.04491551483907243,liblinear
LR,os,l2,0.001,0.4692254323264317,0.00058820324400697,,,6.133290688196818,0.07694131259970707,liblinear
LR,os,l2,1.0,0.4683976614671759,0.0006169815545844099,,,6.528283675511678,0.4170142989705928,liblinear
LR,os,l2,1000.0,0.4683976614671759,0.0006169815545844099,,,6.229499896367391,0.3665298371700223,liblinear
LR,os,l2,1000000.0,0.4683976614671759,0.0006169815545844099,,,7.335631688435872,0.7749165054732983,liblinear
LR,os,l1,1e-06,0.5,0.0,3.0,0.0,3.3092967669169107,0.023122977995571184,liblinear
LR,os,l1,0.001,0.46881154689680377,0.0006015012093099667,1.0,0.0,10.43018619219462,0.6317921957341138,liblinear
LR,os,l1,1.0,0.4683976614671759,0.0006169815545844099,0.0,0.0,25.243825276692707,2.9767888464436667,liblinear
LR,os,l1,1000.0,0.4683976614671759,0.0006169815545844099,0.0,0.0,26.017895380655926,4.249973332176263,liblinear
LR,os,l1,1000000.0,0.4683976614671759,0.0006169815545844099,0.0,0.0,21.928316672643025,3.1742491019279817,liblinear
