auc,init_stdev,l2_reg,l2_reg_V,l2_reg_w,n_iter,random_state,rank,step_size
0.575582,0.0029826,,0.0001077,0.000252,5273,123,65,0.0243545
0.575254,0.0027574,,0.0064562,0.0001809,5122,123,82,0.0369541
0.57504,0.0239629,,2.44e-05,0.0001764,5116,123,6,0.0240336
0.574551,0.0012557,,0.0095848,5.69e-05,3161,123,88,0.1169764
0.574506,0.0016083,,0.0036776,1.07e-05,3161,123,106,0.1213635
0.574368,0.0686512,,0.0001345,0.003538,3431,123,244,0.0191377
0.573357,0.001256,,1.53e-05,0.0017143,3179,123,60,0.0908092
0.572518,0.005848,,0.0001185,3.21e-05,3435,123,114,0.084093
0.572446,0.0049422,,0.0006047,0.0004583,9985,123,29,0.024248
0.572429,0.0385174,,3.24e-05,0.0019364,9990,123,16,0.0146605
0.572324,0.0102052,,2.5e-05,0.0507963,3859,123,1,0.0271828
0.572279,0.0048028,,0.0031661,2.53e-05,3849,123,163,0.0356282
0.572235,0.0082946,,0.0018148,8.6e-05,4926,123,37,0.0238492
0.57223,0.0491769,,0.000111,0.0279413,9971,123,23,0.0124061
0.57188,0.0694078,,0.0009356,0.0149057,5067,123,13,0.0220705
0.57172,0.0023789,,4.92e-05,2.38e-05,2222,123,117,0.1158338
0.571644,0.0039659,,5.71e-05,1.03e-05,5234,123,50,0.0508657
0.571629,0.0010102,,0.0026776,5.29e-05,3404,123,121,0.067357
0.571607,0.0307683,,4.11e-05,0.0006891,9963,123,22,0.0142366
0.571554,0.0092648,,9.93e-05,1.04e-05,3119,123,235,0.0642073
0.571455,0.0010051,,2.25e-05,1.4e-05,4827,123,62,0.0450604
0.571442,0.0197075,,60.1361058,0.0406032,5348,123,5,0.0149102
0.571388,0.0028389,,7.63e-05,4.88e-05,3534,123,83,0.0318095
0.571383,0.0038214,,0.0001456,3.44e-05,4977,123,150,0.0264324
0.5713,0.0020137,,0.054245,0.0005849,2163,123,281,0.1092953
0.571266,0.007536,,1.48e-05,6.2e-05,5035,123,141,0.0544905
0.571188,0.0390795,,77.6420917,0.0029988,3874,123,11,0.0253685
0.57117,0.0478869,,0.0084219,0.0102156,8222,123,18,0.0254983
0.571109,0.003168,,0.0002822,2.67e-05,7974,123,199,0.0601584
0.570943,0.0041898,,0.0013165,0.0002966,3564,123,63,0.0301112
0.570826,0.0193417,,1.01e-05,0.011283,8151,123,38,0.0193296
0.570772,0.0011128,,0.0942442,8.93e-05,5473,123,61,0.0203377
0.570761,0.0014761,,0.0085339,8.53e-05,2141,123,113,0.1093186
0.570733,0.0629681,,7.06e-05,0.0043919,5221,123,19,0.0256915
0.570619,0.0043736,,0.0015538,7.74e-05,3134,123,178,0.0590264
0.570584,0.0010119,,0.0797795,0.0001108,3326,123,115,0.1097701
0.570535,0.0015424,,0.0113528,7.11e-05,3136,123,81,0.089882
0.570518,0.0333676,,0.0002847,0.0002098,9924,123,41,0.0192734
0.570437,0.0038854,,0.0073055,0.0001496,2116,123,88,0.0572558
0.570386,0.0534987,,0.0080893,0.0268711,3988,123,28,0.0267543
0.570313,0.0261741,,58.2065648,0.0122872,3167,123,20,0.0248715
0.570256,0.0093868,,8.08e-05,1.02e-05,7631,123,171,0.0193593
0.570239,0.0616457,,0.0027499,0.0093006,9991,123,15,0.0242042
0.57011,0.0022224,,9.94e-05,2.51e-05,3426,123,68,0.1197039
0.570085,0.001816,,0.0009395,0.0004994,3265,123,67,0.052247
0.569996,0.0010038,,0.0003856,0.0003691,2139,123,96,0.1692369
0.569839,0.0540048,,3.66e-05,0.0004119,5488,123,16,0.0128922
0.569768,0.0020249,,0.0504617,0.0001875,3142,123,344,0.090645
0.569753,0.0356101,,0.0024223,0.0305648,5489,123,17,0.0113586
0.569751,0.0072708,,1.02e-05,1.54e-05,3807,123,71,0.0288238
0.569709,0.003286,,0.0098943,1.1e-05,4537,123,234,0.0362181
0.569688,0.0190956,,0.0002319,0.0080708,9863,123,24,0.0130008
0.569663,0.0757986,,0.0001255,0.0020595,9977,123,10,0.0158893
0.569661,0.0516685,,0.0012582,0.0077943,8144,123,19,0.0178953
0.569645,0.003847,,2.93e-05,0.0002818,8165,123,114,0.0294152
0.569644,0.0213684,,0.0001807,9.46e-05,9964,123,12,0.0136153
0.569616,0.0455291,,0.0010792,0.0713443,3406,123,7,0.0175784
0.569608,0.0182853,,1.13e-05,3.05e-05,4832,123,4,0.0210891
0.569509,0.0058259,,0.0009368,0.0008293,5161,123,58,0.0729659
0.569402,0.0226635,,19.4745446,0.1087936,3971,123,4,0.0121439
0.56928,0.03668,,38.8261823,0.0686895,3667,123,12,0.0236065
0.569263,0.0539711,,7.15e-05,0.0178767,5260,123,21,0.0128745
0.569263,0.0571483,,2.1245613,0.0274518,4795,123,59,0.0210253
0.569246,0.0022004,,5.28e-05,4.56e-05,3302,123,44,0.073508
0.569171,0.0374293,,3.98e-05,0.0004298,3492,123,26,0.0214198
0.568977,0.0708269,,0.0005585,0.0283338,9960,123,5,0.0223837
0.568957,0.0643093,,2.14e-05,0.0003147,4358,123,23,0.0169986
0.568865,0.0442113,,0.0008334,0.0015368,4423,123,11,0.0217656
0.568824,0.006819,,0.000127,0.0011797,9968,123,144,0.0468752
0.568768,0.0669608,,4.17e-05,0.0140429,4611,123,13,0.0164362
0.568767,0.0133463,,1.68e-05,8.51e-05,5487,123,6,0.0129656
0.568767,0.0488474,,0.00125,0.0068464,4807,123,17,0.0232517
0.568764,0.0062015,,0.031496,0.0015277,4355,123,39,0.0203678
0.568661,0.0404345,,33.492143,0.0001137,3282,123,19,0.0435999
0.568585,0.0525773,,8e-05,0.0279349,4088,123,25,0.0228586
0.568583,0.0177813,,0.0001952,0.0136548,3344,123,11,0.0272244
0.56846,0.032151,,2.3371324,0.0006626,9975,123,776,0.0457248
0.568449,0.0125337,,0.0001661,0.0001586,3620,123,2,0.0292348
0.568368,0.0146368,,7.47e-05,0.0019445,4558,123,17,0.0191995
0.568341,0.0194475,,6.07e-05,5.51e-05,4953,123,8,0.0170854
0.568248,0.0863393,,0.0002192,0.0013811,4993,123,22,0.0194026
0.568242,0.022554,,9.41e-05,0.0014816,9989,123,19,0.0111523
0.568212,0.0451503,,5.7619247,0.0002083,3345,123,928,0.0589408
0.568206,0.0595683,,0.0727371,0.0550954,4749,123,39,0.0197249
0.568187,0.0282725,,14.1043664,0.1058544,5256,123,90,0.0138901
0.568175,0.009686,,61.5661893,0.0040079,3733,123,15,0.0242633
0.56812,0.0328331,,2.58e-05,0.0446302,5498,123,4,0.012385
0.56803,0.0030393,,0.0002231,0.0002074,4336,123,64,0.0241605
0.567997,0.0361398,,128.2243361,0.1245546,4737,123,5,0.0123284
0.567948,0.0300202,,9.75e-05,0.000216,9846,123,6,0.0154489
0.567916,0.0471729,,0.0001583,0.0069974,9918,123,27,0.0204534
0.567875,0.012504,,0.0005123,6.15e-05,3758,123,105,0.0446568
0.567731,0.0433835,,0.0002846,0.0046751,7441,123,11,0.0145998
0.567686,0.0570714,,0.0001773,0.0054468,7969,123,31,0.0136463
0.567631,0.1216367,,24.1356618,0.0006056,7496,123,43,0.042113
0.567609,0.027255,,0.0023908,0.0009982,2167,123,8,0.208012
0.567594,0.0346104,,1.02e-05,0.0008469,9996,123,15,0.0100108
0.567586,0.0336977,,0.0214171,0.031995,5531,123,95,0.0100341
0.567522,0.0026692,,1.49e-05,0.0001853,3379,123,367,0.0371415
0.567254,0.0013636,,0.0037327,7.85e-05,2190,123,272,0.182595
0.567182,0.0043028,,1.55e-05,9.73e-05,5297,123,73,0.0559031
0.567137,0.0784835,,0.0028931,0.0208656,8260,123,13,0.0186141
0.567112,0.0586441,,0.0001153,0.0285724,5301,123,62,0.0134221
0.567078,0.0014953,,2.09e-05,6.02e-05,3380,123,95,0.0706569
0.567033,0.0013447,,0.0001929,4.6e-05,9927,123,337,0.0341117
0.566923,0.0014385,,0.0048122,0.0002536,4221,123,99,0.0622462
0.566848,0.0364502,,1.45e-05,0.0022051,4977,123,18,0.0141443
0.566843,0.0216634,,30.7503891,0.0103977,4989,123,11,0.0145157
0.566791,0.0028291,,0.0023506,3.69e-05,2213,123,89,0.0418394
0.5666,0.0084305,,0.0005397,2.67e-05,7461,123,16,0.016402
0.566575,0.0779443,,0.0002461,0.0027099,4604,123,22,0.0152687
0.566572,0.0167569,,10.3553779,0.0001616,9736,123,582,0.0349357
0.566435,0.001705,,0.0008296,7.84e-05,4834,123,38,0.1478514
0.566433,0.0025152,,0.0004888,0.0002796,9934,123,2,0.0318352
0.566417,0.0020401,,0.0020061,0.0001558,3385,123,90,0.0864241
0.566349,0.0202851,,0.1029421,0.080889,7778,123,92,0.0180501
0.566325,0.0049456,,0.0018777,2.33e-05,4290,123,107,0.0294535
0.566251,0.0370221,,0.0001025,0.0041497,5585,123,24,0.0204476
0.565994,0.0024668,,0.0023194,1.91e-05,2841,123,80,0.0375488
0.565884,0.0128625,,0.0001711,0.0004483,7395,123,81,0.012529
0.565871,0.0072481,,0.0020305,0.0001274,9821,123,1,0.0278294
0.565802,0.0010058,,1.05e-05,0.0001528,3958,123,62,0.0774187
0.565779,0.0054966,,0.0200289,0.0003776,7662,123,72,0.1021993
0.56576,0.0471178,,0.0050364,0.000289,3465,123,3,0.0220263
0.565753,0.0015526,,0.0078434,0.0012233,7824,123,44,0.0283937
0.565691,0.0339149,,50.2597789,0.0040793,4199,123,4,0.0226483
0.565646,0.0018063,,0.0186823,2.6e-05,5018,123,359,0.1200205
0.565617,0.0018158,,0.0012744,0.0011953,4025,123,46,0.0208577
0.565563,0.0288297,,0.0015472,0.0081383,9787,123,8,0.0230377
0.565453,0.0348208,,0.1364677,1.88e-05,5984,123,30,0.0173982
0.565442,0.0501815,,3.76e-05,0.0006697,5424,123,35,0.015761
0.56543,0.0015284,,0.0007488,2.35e-05,4269,123,253,0.0269399
0.565373,0.0459907,,0.2275911,0.0209031,5757,123,150,0.0283669
0.565344,0.0172385,,22.7371299,0.0206579,4389,123,4,0.0131913
0.565319,0.0331058,,4.4062513,2.99e-05,8120,123,432,0.0301628
0.565249,0.0728267,,8.4690452,0.1261716,5180,123,16,0.0194124
0.565233,0.0507454,,1.0338963,0.0297221,4446,123,57,0.0240993
0.565161,0.0646149,,0.0009969,0.0028446,7735,123,16,0.0165322
0.565008,0.0055795,,1.98e-05,0.0997863,3751,123,2,0.0280069
0.564846,0.0978741,,0.0573921,0.008293,9840,123,23,0.0285018
0.564839,0.0110254,,1.55e-05,0.0002275,5899,123,3,0.0235955
0.564764,0.0026779,,7.7e-05,0.0002612,3697,123,47,0.0734992
0.564713,0.0013241,,0.0316615,1.04e-05,4815,123,101,0.0762514
0.564639,0.0209466,,0.0003787,0.0004109,5921,123,53,0.0171264
0.564627,0.0284739,,0.5419495,0.0043249,2175,123,49,0.032446
0.56459,0.0023737,,0.002131,0.0001133,3021,123,64,0.0644833
0.564551,0.0016198,,6.63e-05,1.19e-05,2836,123,61,0.0340914
0.564536,0.0454994,,0.0007938,0.0002071,3514,123,4,0.0213147
0.564533,0.0131463,,1.91e-05,0.0057178,7307,123,33,0.0318625
0.564476,0.0036539,,0.3892295,1.03e-05,3025,123,222,0.0616221
0.564346,0.0151526,,0.0001129,0.0007678,4640,123,3,0.016223
0.564294,0.0013801,,0.0011665,0.0001774,3385,123,66,0.1116569
0.564268,0.0258938,,0.0079232,0.0051216,3805,123,27,0.0161603
0.56422,0.0763118,,10.083794,0.0284398,5843,123,16,0.0196493
0.564159,0.0023005,,0.0167886,0.0002386,2460,123,76,0.0820255
0.564028,0.0014776,,0.0019421,0.0002706,3046,123,168,0.0702635
0.564019,0.0742482,,0.0529015,0.0014621,4378,123,25,0.0180552
0.564008,0.0514881,,2.7413234,0.000749,9860,123,868,0.0506831
0.563958,0.0020694,,0.0013237,5.89e-05,3487,123,79,0.0959105
0.563892,0.0041349,,1.58e-05,1.1e-05,3818,123,107,0.1256848
0.563857,0.0022394,,0.0001978,0.0002996,3074,123,237,0.0722045
0.563823,0.004629,,3.88e-05,5.23e-05,2850,123,310,0.0868033
0.563781,0.0020673,,9.56e-05,4.56e-05,8331,123,47,0.019572
0.56374,0.0734434,,7.1935672,0.0167703,9769,123,41,0.0131577
0.563699,0.0031962,,3.56e-05,0.0003645,2175,123,88,0.0330998
0.563682,0.0406945,,0.0001654,0.0011026,7434,123,4,0.0129289
0.563653,0.0396415,,13.5032282,0.0002563,3053,123,4,0.0730476
0.563603,0.0059926,,10.4309272,5.13e-05,9821,123,55,0.0339574
0.563593,0.0011816,,0.1227629,3.04e-05,3866,123,63,0.0920086
0.563591,0.00518,,0.0004214,2.45e-05,4817,123,64,0.0953506
0.563528,0.0819915,,72.6932642,0.0045265,3208,123,5,0.0238565
0.563505,0.0477233,,58.0613642,0.002623,4659,123,20,0.0147597
0.563449,0.0673598,,1e-05,0.0423122,7810,123,9,0.0100116
0.563423,0.02399,,1.8e-05,0.3541962,2107,123,26,0.0157715
0.563387,0.0592569,,0.0004297,0.0189698,5688,123,11,0.0186374
0.563334,0.0023004,,1.95e-05,7.11e-05,3248,123,82,0.0227603
0.563301,0.0280658,,5.19e-05,0.0056818,6165,123,16,0.012781
0.563293,0.0214126,,8.05e-05,0.0009293,5653,123,69,0.0109063
0.563254,0.0736686,,0.0007689,0.006282,3603,123,11,0.0138135
0.563235,0.0852951,,2.3872452,0.0006309,2986,123,990,0.0476634
0.563235,0.0038089,,0.0002227,1.04e-05,2496,123,79,0.0856456
0.563177,0.0010665,,0.0001207,0.0004979,9968,123,214,0.0670656
0.563118,0.0690216,,0.000114,0.006269,8291,123,6,0.0172198
0.562953,0.0909711,,0.0009807,0.0128956,3630,123,44,0.0162883
0.562862,0.0017616,,0.0001356,0.0009414,3264,123,239,0.022158
0.562856,0.0625782,,8.56e-05,0.0019995,8326,123,17,0.0150691
0.562782,0.1377597,,0.0126878,0.0011051,8174,123,7,0.0265218
0.562728,0.0311211,,1.5292138,7.31e-05,4751,123,188,0.0833505
0.562362,0.0081306,,0.0004901,0.0003417,2762,123,150,0.0427441
0.562356,0.0010176,,0.0007864,3.9e-05,3092,123,181,0.0907742
0.562317,0.0344213,,0.0009722,4.6e-05,4098,123,121,0.0137953
0.562294,0.0051738,,0.0137934,6.56e-05,5242,123,159,0.0971954
0.56223,0.0823924,,9.57e-05,0.0029201,9879,123,24,0.0252402
0.562088,0.1093538,,1.76e-05,0.0109306,9944,123,14,0.0148706
0.562007,0.0150819,,3.91e-05,0.0001207,8444,123,5,0.0163147
0.561997,0.0017741,,9.72e-05,2.04e-05,2257,123,384,0.1105074
0.561966,0.0084914,,0.7250647,9.76e-05,1041,123,88,0.0896955
0.561924,0.0719148,,6.51e-05,0.0179365,5851,123,16,0.018372
0.561898,0.0036959,,0.0004311,4.56e-05,2386,123,589,0.1003039
0.561869,0.030666,,2.55e-05,0.0004885,8415,123,7,0.0190181
0.561803,0.0060108,,2.51e-05,0.0004938,3021,123,74,0.0266607
0.561733,0.0318344,,0.000279,0.0018598,3419,123,13,0.0175206
0.561591,0.0024981,,0.0005273,0.0005472,2337,123,53,0.0790114
0.561382,0.0054509,,0.0001343,4.58e-05,2295,123,218,0.0996756
0.561372,0.0208502,,25.9992167,0.0034608,5929,123,3,0.0127507
0.561352,0.0572911,,0.0012087,0.137645,9985,123,116,0.0237135
0.561351,0.0025776,,0.0011299,0.0001892,9973,123,41,0.0750067
0.561343,0.0803288,,0.6681447,0.0145354,5638,123,21,0.0234366
0.561269,0.0018063,,0.0001651,0.0005416,5428,123,97,0.0312906
0.561144,0.0401287,,0.1000575,0.0015792,3158,123,96,0.0175804
0.561116,0.0475791,,0.0132558,0.0126268,2425,123,13,0.0232986
0.561079,0.0018915,,1.66e-05,0.0021119,2410,123,96,0.0308668
0.561066,0.0012616,,0.0001749,0.0001429,4248,123,84,0.0650423
0.560952,0.0437288,,0.2700823,0.0009674,2254,123,29,0.0412138
0.560894,0.040812,,1.62e-05,0.0643209,2392,123,5,0.1285663
0.560885,0.0031826,,0.0003405,4.48e-05,1051,123,148,0.0911454
0.560879,0.0025692,,5.63e-05,0.0015019,3091,123,52,0.1167679
0.560858,0.0062131,,0.0002612,0.0003024,3071,123,80,0.1559785
0.560834,0.0345347,,8.3099153,0.002416,2736,123,15,0.0379169
0.560827,0.001159,,0.0097885,0.0011725,4716,123,447,0.0836573
0.560772,0.0131218,,45.4585901,0.0612862,2962,123,4,0.0160091
0.560737,0.0151914,,24.844581,0.0007359,9684,123,344,0.0274897
0.560695,0.0011398,,0.0004386,3.47e-05,4288,123,489,0.0592221
0.560625,0.0387508,,0.1044399,9.12e-05,2076,123,64,0.0643706
0.5606,0.0184066,,0.003421,0.0020722,2994,123,14,0.15311
0.560573,0.0828497,,8.57e-05,0.0168764,5142,123,76,0.0180256
0.560443,0.0046474,,0.0002867,0.1683559,5725,123,8,0.0131698
0.56043,0.0097519,,161.0696734,0.2321907,7846,123,30,0.0109009
0.560365,0.1033411,,0.0093287,0.001691,4431,123,26,0.0265187
0.560345,0.0010019,,0.004721,0.0019515,3354,123,41,0.13144
0.560307,0.0449711,,3.08e-05,0.0209889,2927,123,30,0.0173673
0.560302,0.014396,,48.6323819,0.006705,8438,123,5,0.0114222
0.56023,0.003189,,0.0385754,0.0415744,6123,123,7,0.0133943
0.560212,0.0017429,,0.1179884,0.0002126,2731,123,108,0.050899
0.560202,0.0012329,,0.0380903,1.98e-05,2872,123,170,0.1454383
0.560189,0.0013786,,1.02e-05,6.81e-05,5845,123,5,0.0116831
0.560123,0.0336243,,3.3995051,0.0347051,2475,123,209,0.0211242
0.56005,0.0021701,,0.0006543,0.0007102,2763,123,116,0.0662392
0.560028,0.0266095,,0.0014255,0.0102357,3685,123,37,0.0130354
0.560027,0.0302109,,7.14e-05,0.000549,9558,123,7,0.0135319
0.559966,0.016579,,17.9542465,0.0426214,6419,123,7,0.0109115
0.559712,0.0034227,,1.03e-05,1.05e-05,3909,123,77,0.0844592
0.559618,0.008729,,14.0083686,0.0045815,8453,123,840,0.0116966
0.559519,0.0072559,,3.25e-05,0.0007225,2518,123,186,0.0888676
0.559494,0.1873062,,0.9226794,9.7e-05,2850,123,240,0.0485961
0.55946,0.0032113,,0.0054366,1.59e-05,5058,123,113,0.1274108
0.559441,0.0016448,,0.000126,6.69e-05,2910,123,90,0.1127609
0.55938,0.0185872,,0.1075964,1.26e-05,708,123,6,0.2853199
0.559371,0.0327493,,11.8358043,0.0866274,9903,123,4,0.0169825
0.559307,0.0030965,,0.0033637,0.0004968,3646,123,40,0.1043444
0.559292,0.0235516,,0.0002193,0.0003043,3078,123,9,0.0214247
0.559191,0.001366,,0.0001577,1.67e-05,2754,123,83,0.0714113
0.559132,0.0194533,,2.56e-05,0.0001019,9510,123,14,0.0123586
0.559104,0.0136615,,0.1253866,1.87e-05,691,123,7,0.2966491
0.559091,0.002503,,0.179588,2.29e-05,2336,123,255,0.1177211
0.559084,0.0011368,,0.0357082,0.0002243,2362,123,58,0.0953726
0.558856,0.0053614,,1.74e-05,7.67e-05,3995,123,13,0.0152146
0.558849,0.0356375,,0.0682847,0.0657228,4381,123,65,0.020419
0.558833,0.0046592,,0.0001511,1.84e-05,9970,123,147,0.0989607
0.55882,0.0012551,,0.0258137,4.65e-05,2339,123,101,0.1200637
0.558811,0.0263394,,29.4161956,0.0725376,3179,123,61,0.0100102
0.558771,0.0860658,,15.1246738,0.1236835,3311,123,75,0.0158768
0.55875,0.2256401,,1.8949456,0.0090838,4809,123,375,0.0281871
0.558698,0.003021,,0.0002018,3.24e-05,965,123,357,0.0797101
0.558686,0.0377068,,2.32e-05,5.43e-05,7953,123,14,0.0100325
0.558491,0.0776075,,0.0003092,0.0142883,3132,123,2,0.0185219
0.558482,0.0552037,,1.9e-05,0.0047335,4049,123,32,0.0115626
0.558409,0.0266803,,0.0005181,0.0012011,6408,123,12,0.0118951
0.558345,0.00318,,5.1e-05,0.0004605,9915,123,52,0.050475
0.558339,0.0962794,,25.558818,0.0595258,2575,123,122,0.0408076
0.558207,0.002316,,0.028519,0.0007846,2694,123,57,0.035766
0.558141,0.0067386,,1e-05,0.0533228,9989,123,1,0.0376939
0.557999,0.0204173,,1.8e-05,0.0006933,9666,123,11,0.0106972
0.557995,0.0151458,,2.97e-05,0.0002777,8683,123,3,0.0195579
0.55794,0.0040414,,0.0003495,0.0003032,7242,123,48,0.0336031
0.55794,0.0658636,,0.0001095,0.0544631,8737,123,23,0.0265466
0.557797,0.0019458,,1.58e-05,0.0036563,2074,123,103,0.1393388
0.557682,0.0394713,,3.0092749,6.39e-05,3383,123,317,0.0191595
0.557673,0.039642,,0.0006394,0.0009516,3840,123,8,0.0133081
0.557438,0.0349205,,0.0002124,0.0928838,2684,123,4,0.0172263
0.557366,0.0969146,,0.0008655,0.0321456,4349,123,6,0.020284
0.55726,0.0067957,,0.0001047,1.64e-05,2543,123,260,0.0773587
0.557203,0.0059027,,2.58e-05,0.0001309,6306,123,9,0.0144253
0.557154,0.0032794,,0.0001016,3.72e-05,3767,123,71,0.0956035
0.557149,0.1616044,,0.5279839,0.0042952,5501,123,74,0.0164784
0.557111,0.0032176,,1.03e-05,0.0006813,2499,123,631,0.0300776
0.557074,0.1441181,,1.0174617,0.005607,4359,123,7,0.0532085
0.556978,0.0023247,,0.0180539,6.02e-05,2596,123,103,0.1347488
0.556916,0.0395698,,4.5357326,0.1803815,4988,123,7,0.0196477
0.556899,0.0160453,,1.29e-05,0.000179,6904,123,10,0.0141322
0.556833,0.024895,,0.0004172,1.62e-05,2911,123,20,0.0174183
0.556799,0.0010128,,0.0712941,9.17e-05,988,123,79,0.1354935
0.556691,0.0121284,,3.39e-05,0.0854087,7309,123,40,0.0271865
0.556649,0.0239928,,1e-05,0.0014445,9567,123,6,0.0105081
0.55654,0.0015418,,0.0757628,0.0003921,2365,123,57,0.130309
0.556517,0.0086214,,0.0004845,0.0002198,2726,123,70,0.0896934
0.556478,0.0026785,,0.0712643,8.89e-05,7825,123,195,0.09854
0.556359,0.0047559,,0.0006192,4.39e-05,2703,123,96,0.0384642
0.55633,0.0012628,,1.84e-05,6.23e-05,4640,123,60,0.086966
0.556273,0.0017485,,0.0039567,1.01e-05,5331,123,60,0.0706011
0.556257,0.0029492,,0.0111094,0.0001648,3858,123,69,0.1249425
0.556256,0.0315496,,1.94e-05,79.8196365,5541,123,59,0.013908
0.55625,0.0622287,,0.3374413,0.0004626,2412,123,80,0.0268501
0.556217,0.0031959,,0.000157,4.42e-05,1041,123,97,0.2620563
0.556109,0.0214055,,0.0011046,13.0606766,4575,123,210,0.0395265
0.556104,0.0012536,,0.0019123,0.0001258,3960,123,122,0.1235723
0.556077,0.1039754,,5.08e-05,0.000375,3146,123,76,0.0321652
0.556058,0.0010296,,0.0076029,1.79e-05,2300,123,135,0.150566
0.55594,0.0576735,,0.0008597,0.0457545,5838,123,41,0.0204082
0.555804,0.031671,,1.67e-05,0.0003178,8612,123,8,0.0109572
0.55579,0.0054554,,0.0016709,0.0008318,2956,123,13,0.249765
0.555644,0.0041736,,0.0012913,0.0003789,2760,123,134,0.1151154
0.555623,0.0123073,,4.800515,0.0232465,2050,123,25,0.0506617
0.555578,0.0011548,,8.18e-05,0.0001666,2551,123,112,0.1880778
0.555475,0.0682098,,0.9959644,0.002583,3056,123,23,0.0209797
0.55546,0.1501144,,0.8035423,0.1851064,3168,123,4,0.0464312
0.555405,0.002261,,0.0188485,0.000179,5837,123,75,0.0539569
0.555339,0.0021514,,0.0033884,0.0009104,4151,123,141,0.0903507
0.555317,0.0056681,,0.3474048,0.0019035,671,123,205,0.136113
0.555295,0.051652,,4.9e-05,0.0433344,919,123,11,0.0946449
0.555266,0.0020347,,0.0001856,1.38e-05,7876,123,37,0.1015452
0.555191,0.0172498,,1.4e-05,0.0016912,6506,123,8,0.0110332
0.555092,0.0013292,,0.0030005,3.41e-05,921,123,64,0.0931343
0.554983,0.0411717,,1.3348172,0.0109102,3948,123,66,0.0123185
0.554924,0.0014596,,0.0198174,3.19e-05,800,123,99,0.1353523
0.554784,0.0252272,,8.02e-05,6.22e-05,4433,123,3,0.0119945
0.554658,0.0020137,,0.0001318,0.0554683,7049,123,18,0.0150928
0.554647,0.254179,,0.1958644,0.0001326,3349,123,52,0.1542258
0.554565,0.0014157,,0.000173,0.0001146,2358,123,127,0.0364442
0.554555,0.1589702,,1.63e-05,0.0002588,2848,123,13,0.0164818
0.554482,0.0010077,,0.0560053,0.0002098,3884,123,31,0.105754
0.55439,0.0010236,,0.0024243,0.0016736,6832,123,560,0.02228
0.554258,0.0019269,,0.00707,0.0002341,4476,123,204,0.1005286
0.554256,0.0173126,,0.0008364,0.2854164,7781,123,22,0.0312412
0.554233,0.0013092,,0.0352047,0.0003939,1875,123,66,0.1031539
0.554226,0.0014407,,0.0268676,0.0002477,932,123,310,0.138189
0.554165,0.067401,,2.2165688,0.000253,975,123,345,0.0660376
0.554156,0.0371624,,0.001704,0.0003221,3009,123,30,0.0153141
0.554153,0.001257,,0.0334864,0.0001233,1953,123,54,0.0837189
0.554151,0.0165172,,0.0424199,1.02e-05,8554,123,113,0.0114048
0.554149,0.0098041,,2.66e-05,2.11e-05,7128,123,2,0.0142166
0.554028,0.0023545,,0.0029603,0.0001225,2697,123,171,0.0282814
0.554022,0.0783067,,1.4258253,0.0010632,8419,123,92,0.0103798
0.554015,0.0050615,,0.011335,0.0009655,2396,123,210,0.0247721
0.554006,0.0016527,,0.0016711,2.27e-05,2066,123,114,0.1924974
0.553954,0.0263594,,0.0007417,0.0015445,784,123,82,0.0959203
0.553922,0.1482647,,0.1468579,0.0520132,2882,123,40,0.0334083
0.553902,0.1866696,,0.0046746,0.0007821,5061,123,10,0.0136141
0.55382,0.0018101,,8.84e-05,0.0036133,4650,123,409,0.2334887
0.553809,0.0124799,,1.01e-05,0.0020431,3293,123,13,0.0154364
0.553678,0.0507315,,0.1524272,1.13e-05,4722,123,5,0.2371799
0.553636,0.0041377,,0.0097654,0.0004108,4438,123,66,0.0779865
0.553508,0.0594932,,0.0003467,0.0031079,6435,123,16,0.0226101
0.553448,0.0011442,,3.47e-05,3.37e-05,1859,123,121,0.0982912
0.553365,0.104201,,0.0001084,0.1051342,4661,123,18,0.0159112
0.553291,0.0028042,,0.0037512,1.12e-05,1873,123,70,0.1225673
0.553186,0.0934356,,0.6894667,1.03e-05,3775,123,60,0.015556
0.553082,0.0049475,,0.0002557,5.15e-05,4719,123,266,0.2019404
0.553054,0.0014104,,4.55e-05,0.0001123,649,123,82,0.1051332
0.55297,0.0820429,,0.0008236,0.0006536,7249,123,28,0.0202496
0.552968,0.0351701,,6.79e-05,0.0025267,3545,123,33,0.0100709
0.552818,0.0135057,,178.5363963,0.5679721,2970,123,2,0.0110153
0.55275,0.0124274,,0.0001579,0.1276327,2749,123,8,0.0252818
0.55272,0.0280942,,0.0012814,4.58e-05,2756,123,41,0.0179544
0.552697,0.001945,,0.0001614,0.0023826,3597,123,125,0.1299465
0.552588,0.1376413,,0.0153402,0.0101661,2722,123,90,0.0355741
0.55254,0.0013259,,0.000134,7.14e-05,2675,123,128,0.119287
0.552322,0.0555885,,0.0319545,0.0005676,8540,123,10,0.0380922
0.552284,0.1078296,,7.19e-05,0.000547,2517,123,35,0.0175923
0.552194,0.185942,,0.0003136,0.0034374,4031,123,8,0.0145627
0.552033,0.0297438,,0.0037498,3.3920728,5468,123,14,0.0221031
0.552012,0.0454919,,2.45e-05,0.0623534,3393,123,128,0.0575669
0.551914,0.0022262,,0.013123,4.3e-05,1991,123,153,0.1293575
0.551752,0.0063483,,0.274143,1.7e-05,857,123,128,0.1048105
0.551724,0.0031563,,5.49e-05,3.24e-05,786,123,191,0.0568487
0.551702,0.0044772,,3.83e-05,2.34e-05,7282,123,59,0.0558185
0.551674,0.012252,,1.01e-05,0.2125297,2256,123,143,0.0122852
0.551589,0.0108119,,16.7548528,0.291657,4221,123,2,0.0159697
0.551575,0.0011922,,0.0002116,0.0006822,1867,123,97,0.0474001
0.551571,0.0010298,,0.0008614,3.46e-05,3979,123,104,0.1252628
0.551545,0.0282492,,18.053573,0.005881,3451,123,279,0.0118212
0.551491,0.0026396,,0.0006763,3.19e-05,2717,123,143,0.1026429
0.551241,0.0017645,,0.016527,0.000362,5331,123,88,0.0834358
0.551215,0.073129,,0.0222564,0.042142,9379,123,14,0.0209922
0.551153,0.0220897,,1.06e-05,1.04e-05,6695,123,7,0.0107437
0.551117,0.0020184,,0.0020433,0.0088053,863,123,10,0.1285006
0.551018,0.0020005,,1.01e-05,7.81e-05,6545,123,297,0.0228752
0.550955,0.0013421,,0.0029248,0.0001172,2336,123,405,0.216404
0.550945,0.0025902,,0.0477682,0.0001239,2701,123,149,0.1128034
0.550866,0.0035302,,0.0006323,0.0009391,1177,123,88,0.0992899
0.550764,0.0030435,,0.5063283,2.63e-05,1112,123,44,0.0498766
0.550701,0.0235996,,0.0002751,1.77e-05,6754,123,6,0.0124726
0.550607,0.1200512,,0.0015769,0.0042974,2690,123,10,0.0158421
0.550582,0.0096646,,3.65e-05,0.0005007,3982,123,3,0.0115168
0.550477,0.0326234,,1.5063721,0.0003017,8639,123,6,0.0455853
0.550467,0.0035999,,3.35e-05,0.0001955,6685,123,42,0.0209862
0.550194,0.0609575,,0.0001223,0.4203147,9597,123,326,0.0140865
0.55019,0.0046151,,1.52e-05,0.767682,3195,123,9,0.0137995
0.550093,0.0371543,,0.7111912,0.0056506,6531,123,108,0.0239423
0.550082,0.0335966,,5.29e-05,0.0004989,6578,123,14,0.0216388
0.549818,0.0016667,,0.0230243,1.84e-05,3581,123,75,0.1565976
0.549645,0.0111236,,0.0735989,0.0007682,3203,123,22,0.0128057
0.5496,0.0030284,,0.0252475,1.79e-05,889,123,49,0.0634947
0.549599,0.0020281,,0.0032234,0.0013602,5833,123,70,0.0709944
0.549552,0.0010264,,0.0061237,0.000308,4170,123,157,0.1085545
0.549549,0.0015422,,6.49e-05,3.63e-05,1828,123,181,0.1057472
0.549376,0.2301704,,0.180887,0.0017231,4293,123,8,0.029721
0.549307,0.0013134,,3e-05,3.62e-05,1842,123,188,0.1048426
0.549275,0.0034157,,0.0015634,4.85e-05,2012,123,226,0.1798849
0.54918,0.0534365,,0.4003643,0.0026042,7031,123,20,0.0374884
0.549093,0.0081033,,5.1889198,0.0290272,727,123,2,0.0964015
0.549057,0.0593539,,0.1395508,0.0216283,7848,123,18,0.1158604
0.54901,0.0628986,,0.6507009,0.1455264,8243,123,980,0.0201636
0.548918,0.0236453,,0.562618,0.0089538,6329,123,805,0.0358623
0.548905,0.0860983,,0.0016496,0.013696,9926,123,370,0.011105
0.548843,0.002318,,0.0031166,7.53e-05,1110,123,100,0.1150281
0.548662,0.0534752,,78.3724254,0.022596,2529,123,5,0.018116
0.548645,0.1206611,,0.0005901,0.0018995,9913,123,19,0.0330843
0.548513,0.0037908,,5.3946815,0.0218663,3048,123,6,0.011974
0.548471,0.0108452,,0.2395449,0.0002901,1106,123,111,0.119018
0.54847,0.1037484,,1.57e-05,0.0425775,4343,123,21,0.0218148
0.548455,0.0053707,,0.0012526,0.0001021,969,123,179,0.0419289
0.548439,0.0065239,,1.04e-05,4.87e-05,2012,123,43,0.0342314
0.548424,0.0036422,,6.29e-05,0.0004994,1195,123,34,0.0570907
0.548344,0.1257234,,0.0003389,0.0092204,6970,123,15,0.0119433
0.548302,0.0029283,,4.88e-05,8.66e-05,4555,123,159,0.1347693
0.548275,0.0574363,,0.0001514,0.0755608,2803,123,36,0.0128687
0.54827,0.0039844,,0.0001355,0.0383558,1176,123,1,0.0300051
0.548269,0.0165188,,0.0001377,3.77e-05,3054,123,4,0.0148916
0.548251,0.0019601,,0.0005943,9.82e-05,1201,123,104,0.0546414
0.548241,0.0162684,,0.0297379,0.6311319,9856,123,247,0.0227492
0.548206,0.0021188,,0.0016893,0.0004021,6359,123,148,0.039902
0.548142,0.0569528,,0.0001246,0.0503489,638,123,33,0.0471156
0.548022,0.1688118,,0.2140697,0.022365,3809,123,465,0.124333
0.547951,0.1063427,,0.0025266,0.0078638,990,123,24,0.0448175
0.547784,0.0064085,,3.9160092,0.0027206,8469,123,29,0.0704139
0.547762,0.0062509,,7.45e-05,1.51e-05,641,123,147,0.0684838
0.547642,0.0015969,,0.0010598,1.03e-05,8434,123,83,0.0939919
0.547617,0.0021825,,0.01552,0.0003422,2259,123,70,0.0241727
0.547421,0.0447549,,0.0005868,0.0003091,2425,123,72,0.0152703
0.547405,0.0066079,,3.06e-05,0.0002369,6135,123,318,0.0410919
0.547156,0.0011952,,0.2412932,0.0001785,731,123,62,0.074382
0.546946,0.0207444,,2.619776,3.01e-05,1223,123,38,0.0518837
0.546775,0.0774085,,0.0011744,0.0001529,790,123,381,0.0339876
0.546691,0.0555822,,0.0011853,3.292683,7133,123,38,0.035532
0.546612,0.0150324,,0.1328247,0.0010231,9880,123,7,0.3118334
0.546532,0.00118,,34.6380477,0.0005253,6177,123,18,0.0516828
0.546424,0.0709005,,0.0005796,0.0317288,6229,123,18,0.0216976
0.546283,0.0761664,,0.0002703,0.7562341,3477,123,26,0.0152412
0.546109,0.0523894,,1.05e-05,0.1364623,1867,123,7,0.0307341
0.546073,0.0259956,,0.0001522,0.005367,2376,123,36,0.0183028
0.546065,0.002473,,0.0002272,2.6e-05,849,123,171,0.0630442
0.545836,0.0048135,,0.2813624,0.0001614,6772,123,206,0.0288431
0.545735,0.099507,,0.0003976,0.0306288,7049,123,29,0.0166574
0.545731,0.0012852,,0.0127951,0.0006202,3610,123,55,0.1736854
0.545655,0.0033236,,0.4889046,0.2507658,1260,123,277,0.0243028
0.545452,0.013052,,38.4546104,0.0004718,1954,123,569,0.0351849
0.545452,0.0016789,,0.0039512,2.84e-05,7147,123,121,0.0483442
0.545293,0.002758,,0.1692065,1.03e-05,1137,123,259,0.074368
0.54504,0.0168407,,2.61e-05,0.0422839,5422,123,58,0.0299149
0.545019,0.0021525,,0.004186,0.0004903,6048,123,64,0.0480691
0.544953,0.0327691,,0.2967124,0.0030675,3706,123,18,0.1598363
0.544931,0.0071367,,67.8243482,0.0379182,2234,123,142,0.0140445
0.544841,0.1045952,,0.0003303,0.0055361,4234,123,48,0.0261239
0.544637,0.3660686,,0.3356953,0.0007008,2462,123,32,0.3429547
0.544569,0.0194189,,5.8801966,0.00012,1151,123,267,0.0971645
0.544278,0.0094082,,66.0098059,0.1732429,6424,123,4,0.0118495
0.544271,0.0146331,,10.0601882,0.4685667,9978,123,224,0.0221114
0.544206,0.1345276,,7.0438952,1.28e-05,1152,123,783,0.0907614
0.544194,0.0872776,,0.0026151,63.3137189,6493,123,476,0.0183546
0.544076,0.0026699,,0.005376,4.17e-05,1124,123,134,0.0398565
0.543859,0.003252,,0.0055392,5.36e-05,1939,123,81,0.0325339
0.543735,0.0137139,,1.08e-05,3.86e-05,2874,123,8,0.0119889
0.543567,0.0044612,,1.05e-05,0.5595246,3040,123,67,0.0274421
0.543427,0.0244887,,0.0003967,0.0133278,2641,123,47,0.0148107
0.543339,0.0904108,,2.2398214,0.0051229,6712,123,17,0.0348778
0.543244,0.0299622,,3.7824913,0.0574421,8566,123,4,0.0269359
0.543236,0.0023939,,0.0023244,3.14e-05,1247,123,105,0.1447716
0.543079,0.0032459,,0.0001236,0.0001974,8437,123,40,0.1451412
0.542899,0.001936,,9.53e-05,8.37e-05,1151,123,93,0.045791
0.542887,0.0052037,,3.58e-05,0.0002789,942,123,33,0.0414015
0.542846,0.0839174,,13.6766642,0.0003449,1143,123,108,0.0424541
0.542715,0.0159516,,0.1396686,0.0828333,1115,123,44,0.01898
0.54255,0.0264294,,0.4312713,0.2217309,9724,123,19,0.0313122
0.542461,0.1214698,,0.0031012,0.0167512,5728,123,28,0.0378041
0.542436,0.0421958,,0.0005957,0.3718058,4573,123,33,0.0190781
0.542428,0.1009426,,16.6623136,0.0027334,4276,123,473,0.0979667
0.542423,0.047791,,0.2375399,0.0008553,850,123,189,0.1472767
0.541787,0.0022593,,0.0009133,5.31e-05,5884,123,137,0.0921977
0.541751,0.0385047,,0.0907665,0.0225411,2080,123,158,0.0144158
0.541748,0.0044036,,0.8746059,5.9265177,3,123,186,0.1985898
0.541528,0.0039889,,0.02219,0.0010975,8246,123,63,0.1316061
0.54146,0.0020145,,1.53e-05,6.04e-05,1394,123,159,0.0936391
0.541307,0.1130591,,1.07e-05,0.000913,6698,123,21,0.0201144
0.541289,0.1104807,,10.9428311,0.0066572,2627,123,15,0.0170172
0.541196,0.0011866,,0.0049593,9.69e-05,2717,123,184,0.1934964
0.541024,0.0017435,,0.0043233,2.68e-05,1404,123,88,0.0964615
0.540856,0.0043666,,0.0001828,0.002411,2022,123,292,0.0250495
0.540837,0.0079438,,1.02e-05,2.4e-05,1446,123,162,0.0825044
0.540266,0.0022984,,0.0041586,0.0016312,8793,123,44,0.1442006
0.540147,0.0617398,,5.7120499,0.0588602,1962,123,32,0.0194396
0.539971,0.002187,,0.0025396,1.12e-05,1440,123,56,0.1027133
0.539934,0.0035618,,0.0001112,7.19e-05,1524,123,86,0.0769052
0.539496,0.0313661,,0.0017845,0.0008893,1978,123,4,0.0237495
0.539268,0.0029212,,0.0059305,0.0015242,7002,123,46,0.0768216
0.538734,0.0121314,,4.63e-05,0.0003007,5074,123,20,0.2453087
0.5386,0.0903789,,0.000217,2.44e-05,2604,123,8,0.0112642
0.538509,0.0165123,,0.000517,83.9240362,8621,123,4,0.0200731
0.538491,0.1419312,,0.0003739,1.5608994,6592,123,45,0.0260901
0.538356,0.0899707,,7.27e-05,0.0043612,7281,123,185,0.0182533
0.538339,0.0056386,,0.0007176,0.0002135,1387,123,55,0.0396043
0.538309,0.0672713,,0.0183201,0.0009619,968,123,171,0.0192846
0.538299,0.0915276,,1.01e-05,0.0013328,2501,123,9,0.010194
0.538288,0.1275295,,6.37e-05,0.003407,2536,123,5,0.0136762
0.538272,0.0420345,,0.0001112,0.0057261,1144,123,9,0.0250683
0.538051,0.101662,,45.2783132,0.1460023,6938,123,53,0.0265748
0.538038,0.0021183,,67.8622261,0.1627242,7124,123,1,0.0208599
0.537974,0.001875,,0.0003788,0.0001364,5480,123,160,0.1114221
0.537575,0.0011713,,0.1034604,2.07e-05,1282,123,179,0.1235751
0.537476,0.0373698,,0.2842913,0.7931497,9989,123,17,0.0410862
0.53744,0.1812412,,0.000434,0.7207722,2165,123,226,0.0274037
0.537322,0.0486912,,9.788183,0.0029996,926,123,6,0.0294812
0.537267,0.2092932,,0.0001039,0.000161,5957,123,10,0.0166219
0.537185,0.0013541,,0.0074732,0.0007103,2766,123,49,0.3028189
0.537154,0.0101076,,6.87e-05,0.0218575,1296,123,55,0.0350819
0.537098,0.1463237,,5.49e-05,0.0901425,7174,123,3,0.0114588
0.537032,0.0420137,,0.0062148,0.7847889,3095,123,32,0.1036962
0.537011,0.0017533,,0.001607,1.02e-05,3714,123,216,0.2332922
0.536912,0.0026242,,0.0005007,2.09e-05,6888,123,157,0.1466555
0.536668,0.0015939,,0.0814092,1.19e-05,1711,123,112,0.0812209
0.536616,0.0067825,,0.0156703,26.6194696,3052,123,77,0.0543249
0.536496,0.0010026,,1.01e-05,1.03e-05,1586,123,105,0.0808348
0.53649,0.0024821,,1.47e-05,0.0002608,1610,123,93,0.0846719
0.536429,0.0073896,,0.0003019,1e-05,5370,123,118,0.1194041
0.535872,0.0012731,,1.05e-05,0.0026563,1786,123,81,0.0676611
0.535866,0.0699653,,0.6596686,5.59e-05,1563,123,28,0.0487854
0.535852,0.0012636,,0.0006873,0.0005678,1364,123,312,0.0550937
0.535738,0.133216,,0.0045691,0.1686305,6623,123,27,0.0273698
0.535679,0.0059574,,0.0006365,0.0001547,714,123,109,0.0606449
0.535636,0.0017649,,0.00523,1.03e-05,566,123,230,0.1370979
0.535461,0.1154996,,0.0002858,0.0010941,1453,123,14,0.0445073
0.535344,0.0021155,,7.17e-05,1.03e-05,1584,123,139,0.051048
0.535331,0.0256759,,3.3720161,0.0089647,8873,123,15,0.1095817
0.535244,0.0117033,,6.7159678,2.6604544,5107,123,2,0.0243422
0.535213,0.1544931,,0.0003552,0.0071139,6652,123,17,0.0266251
0.535155,0.1454417,,0.0118901,0.0004709,2051,123,6,0.0192458
0.535092,0.002893,,0.0093821,5.3e-05,1832,123,120,0.2629124
0.535068,0.1778574,,0.0087594,0.099758,2320,123,29,0.0260014
0.534874,0.0020664,,6.44e-05,6.97e-05,1585,123,342,0.1117931
0.534787,0.0641078,,0.0004214,0.0004496,1732,123,11,0.0306182
0.534671,0.0028662,,0.0007278,7.84e-05,762,123,104,0.0312296
0.534613,0.0286004,,0.0006187,0.0068941,588,123,179,0.0749946
0.534547,0.305344,,1.3709856,0.0048399,2367,123,141,0.0323663
0.534545,0.0010022,,0.0002923,8.84e-05,1344,123,66,0.1060388
0.53452,0.0034864,,0.0002457,0.0001468,837,123,54,0.0383578
0.534374,0.0269627,,0.0151179,0.0618957,1303,123,10,0.0199339
0.534307,0.0037008,,0.0009673,0.0006307,1593,123,132,0.1328258
0.534197,0.021924,,25.8335148,0.4063131,4061,123,11,0.0266687
0.534145,0.114255,,0.0001577,0.0051665,5993,123,47,0.0394333
0.53407,0.0060033,,0.0012224,1.04e-05,1591,123,173,0.1315705
0.533969,0.0011418,,0.0006307,0.0002161,1804,123,91,0.0424452
0.533833,0.0314976,,0.0001102,9.05e-05,2116,123,14,0.0135121
0.533787,0.25092,,0.0007043,0.003062,9757,123,29,0.0185262
0.533769,0.0016316,,0.0006925,0.0011945,1267,123,110,0.143156
0.533714,0.0025375,,0.0004233,0.00077,1710,123,146,0.1066115
0.533699,0.0012587,,0.0002588,6.28e-05,1961,123,56,0.0232413
0.533361,0.0026195,,0.0053458,1.22e-05,2030,123,18,0.0206797
0.533256,0.1152163,,0.0059846,0.0012748,6170,123,84,0.0158224
0.533234,0.0252731,,0.008066,0.0005244,1326,123,28,0.0338643
0.533111,0.0029177,,4.72e-05,0.0001147,1507,123,121,0.034723
0.532861,0.15079,,0.0432974,11.8863955,2876,123,18,0.1500311
0.532856,0.0025211,,0.0037946,2.06e-05,2031,123,27,0.0203622
0.532538,0.0837612,,0.0563593,0.0010588,1427,123,55,0.0303606
0.532426,0.001589,,0.003679,0.0001055,1455,123,139,0.0325202
0.532119,0.0010129,,0.0416932,1.38e-05,1133,123,130,0.2241021
0.532118,0.0040982,,716.674171,0.0617376,45,123,55,0.0778752
0.53208,0.0074774,,2.48e-05,0.2208802,1555,123,1,0.0321778
0.532027,0.0039066,,0.0022643,5.69e-05,1766,123,36,0.1188569
0.53201,0.0632858,,1.57983,0.0018921,2503,123,27,0.4487832
0.531951,0.0457265,,0.1972797,0.0002526,7203,123,205,0.1100046
0.531848,0.0014379,,0.1098625,0.0003357,1516,123,57,0.1624261
0.531692,0.203591,,0.0733538,4.62e-05,1203,123,11,0.0245976
0.531606,0.0909736,,0.0001561,0.000152,2226,123,32,0.0100228
0.53155,0.044924,,5.51e-05,15.7282948,3932,123,12,0.0160805
0.531522,0.0016463,,7.33e-05,0.0016938,5995,123,51,0.1411885
0.531444,0.0046778,,0.0003485,1.03e-05,1019,123,249,0.0271876
0.531227,0.0567055,,0.2992656,0.002995,844,123,593,0.0172783
0.531194,0.1720761,,0.0019116,0.0774246,9819,123,220,0.0403732
0.531167,0.142878,,0.0179632,0.0266954,1793,123,13,0.0530852
0.530997,0.1320047,,40.9683749,0.0206519,1641,123,42,0.0278157
0.530879,0.0046809,,1.2716766,2.1353579,1246,123,58,0.0165014
0.530785,0.0140999,,0.0057313,0.1963253,1554,123,41,0.0145352
0.530661,0.0108373,,0.0001493,0.0001322,2118,123,5,0.0134085
0.530517,0.001563,,0.0066552,4.2e-05,1531,123,135,0.1720831
0.530497,0.0020286,,0.0532547,1.59e-05,1325,123,69,0.1418156
0.530465,0.0030794,,0.0009808,0.0001431,1680,123,98,0.1240678
0.530448,0.0018595,,0.0063269,0.0005093,5577,123,43,0.0912593
0.529977,0.0035508,,0.0002522,6.31e-05,581,123,129,0.0795279
0.529927,0.045638,,3.6e-05,1.0254409,1905,123,11,0.0293261
0.529737,0.0138859,,0.3093133,2.1242203,3856,123,112,0.0206396
0.529529,0.013141,,107.0628958,1.3265012,1152,123,9,0.0101507
0.529524,0.004475,,0.038613,5.45e-05,8344,123,90,0.1602431
0.529459,0.003693,,0.1443067,7.44e-05,1366,123,49,0.1603555
0.529336,0.1076939,,0.2051414,0.0001971,1835,123,512,0.0273207
0.529111,0.0044604,,0.0002163,0.0031226,1684,123,93,0.0319692
0.528883,0.0019229,,5.84e-05,0.000133,7198,123,75,0.1537845
0.528803,0.0280975,,0.0005663,3.45e-05,1376,123,3,0.0229154
0.528431,0.0048938,,0.0054246,0.0001376,768,123,1,0.0266924
0.528331,0.0050604,,17.3635882,0.0009078,1321,123,87,0.0266897
0.528309,0.0014792,,0.0016473,0.0001975,5472,123,57,0.109529
0.528295,0.0010984,,0.001099,7.31e-05,1718,123,397,0.0295712
0.528257,0.160679,,4.41e-05,1.11e-05,6299,123,60,0.0117538
0.528131,0.1834818,,0.0015593,0.0001435,1866,123,586,0.0191216
0.528087,0.0062955,,0.0017073,0.0006508,1657,123,193,0.0258671
0.528053,0.0012361,,0.0039106,0.0001514,6356,123,123,0.1560657
0.527947,0.0481623,,3.5855878,35.7000964,6528,123,36,0.0297737
0.52787,0.023331,,7.26e-05,0.1181681,918,123,19,0.0124749
0.527705,0.0169357,,0.0057304,0.1407791,822,123,40,0.2824571
0.527658,0.1561213,,0.0127009,0.0044119,1548,123,21,0.0285357
0.527476,0.0027621,,2.16e-05,1.56e-05,1239,123,137,0.021044
0.527413,0.0730062,,0.0400514,0.0036838,7203,123,12,0.1313239
0.527185,0.0025993,,0.0005281,1.62e-05,1479,123,118,0.0250103
0.527006,0.0196012,,84.5447217,0.4879711,7095,123,3,0.0107055
0.526961,0.0016283,,0.0155089,0.0002054,6394,123,91,0.1661235
0.526942,0.0014675,,0.0011656,1.01e-05,1694,123,124,0.1542098
0.526711,0.0400874,,3.3e-05,0.0013203,2296,123,15,0.0110133
0.52669,0.2795618,,0.9869813,0.1565229,1043,123,488,0.0282454
0.526427,0.0774476,,106.0596125,0.0151682,1294,123,14,0.0175908
0.526424,0.0693245,,2.0796955,0.0002392,717,123,124,0.0445691
0.52534,0.0061973,,1.29e-05,1.08e-05,470,123,2,0.2828405
0.525273,0.0536744,,5.7932221,0.1070711,1291,123,87,0.0109296
0.524828,0.2773423,,0.0129176,0.0202773,3690,123,71,0.0165865
0.524719,0.3851289,,4.05e-05,1.99e-05,4689,123,171,0.1870499
0.524691,0.0152609,,0.4407014,0.0028207,806,123,34,0.0246838
0.524634,0.2813703,,1.94e-05,0.305629,881,123,135,0.0121722
0.524488,0.0010444,,0.0009622,0.0004363,5970,123,30,0.1699045
0.524488,0.2389403,,0.0010767,0.0001396,4915,123,143,0.0150382
0.524359,0.4716438,,0.0323878,1e-05,8418,123,43,0.0122348
0.523706,0.0027635,,0.0024298,0.0010302,1643,123,142,0.022524
0.523189,0.1038495,,5.07e-05,0.0188109,1846,123,21,0.0109501
0.523172,0.0299173,,21.5932699,6.8658198,6236,123,622,0.0265077
0.523098,0.0019285,,7.59e-05,0.0016677,7063,123,76,0.1745209
0.522979,0.3253046,,0.0457233,1.77e-05,458,123,102,0.0908755
0.522961,0.0019461,,0.0137015,2.84e-05,469,123,198,0.2017311
0.522881,0.0015209,,0.0086854,0.0002989,5955,123,76,0.1397759
0.522623,0.3555508,,7.34e-05,0.1529863,8456,123,5,0.0174443
0.522277,0.0498689,,3.74e-05,0.2192262,1635,123,34,0.0159788
0.522152,0.0265349,,49.862004,3.9361783,3474,123,103,0.0118483
0.522138,0.1608196,,2.71e-05,0.0875281,649,123,48,0.0325659
0.522095,0.0077609,,4.8798024,0.2610575,9803,123,2,0.031497
0.522034,0.0029017,,0.0668417,1.01e-05,4114,123,223,0.2134203
0.521918,0.0142694,,43.5184413,0.000131,1800,123,50,0.023561
0.521809,0.1981585,,0.0006541,0.0023217,4007,123,185,0.024159
0.521006,0.1663419,,0.0211686,0.1026934,4908,123,676,0.01032
0.520927,0.0018056,,0.0011469,0.0004288,8567,123,38,0.1736338
0.520919,0.0060034,,0.0464747,17.8975355,3,123,24,0.025279
0.520853,0.0107655,,0.0236637,9.75e-05,5475,123,200,0.1504016
0.520755,0.2917709,,0.0021685,0.0018875,646,123,9,0.0133027
0.520693,0.0959374,,1.7730851,0.3170229,6615,123,5,0.0168749
0.520673,0.0152171,,0.0292285,0.0184054,471,123,737,0.072373
0.520546,0.0024376,,0.0001182,7.2955491,2,123,507,0.1148746
0.520462,0.0107207,,0.020243,0.0034974,1817,123,303,0.0177406
0.520401,0.1138931,,0.9929608,2.6420891,7700,123,49,0.0176978
0.520316,0.0072078,,8.55e-05,2.88e-05,644,123,81,0.0275806
0.519826,0.4211395,,30.8399149,0.000146,856,123,992,0.0349093
0.51947,0.6496101,,0.0069053,0.0103657,279,123,65,0.0570712
0.518569,0.0014342,,0.0155162,11.3859814,5850,123,54,0.0805823
0.518399,0.0065783,,8.495221,1.4778486,9763,123,1,0.0144703
0.518283,0.0277881,,2.0461225,1.6955673,10,123,43,0.1928512
0.518177,0.0831744,,2.7581418,0.0077764,1491,123,69,0.0123074
0.518055,0.0427206,,2.48e-05,0.0006761,1455,123,45,0.013575
0.517944,0.0361806,,0.0036162,0.0017885,1291,123,46,0.0126845
0.517509,0.0034832,,5.09e-05,0.0001392,2,123,452,0.0656188
0.517335,0.054397,,0.0729009,0.3701677,1425,123,49,0.0375098
0.516867,0.383614,,7.2691122,0.0040383,2538,123,402,0.0104608
0.516831,0.0023692,,0.0003541,0.0001578,549,123,107,0.0441569
0.516747,0.2660636,,0.4593061,0.6344477,9811,123,36,0.0885176
0.516739,0.0191888,,4.73e-05,9.7e-05,888,123,166,0.0129858
0.51651,0.059692,,1.09e-05,0.3301474,1706,123,147,0.3863465
0.516488,0.0039511,,0.0007198,0.012414,1032,123,33,0.0138356
0.516423,0.1642989,,0.4187845,0.0126169,3700,123,622,0.2197955
0.5163,0.0014243,,0.1109388,0.0009328,38,123,74,0.1692068
0.516161,0.0018495,,0.0423054,0.0001874,6723,123,48,0.165143
0.515674,0.1113904,,15.5892061,0.0780707,595,123,1,0.0230099
0.5154,0.0263089,,7.5097895,0.035371,705,123,865,0.0165511
0.515398,0.6222455,,0.029284,4.2084275,1348,123,27,0.0131321
0.515332,0.0271294,,9.99e-05,0.0012661,1400,123,3,0.0107361
0.515117,0.0884519,,111.6093776,1.77e-05,309,123,103,0.0234019
0.515042,0.0174189,,5.15e-05,6.73e-05,1669,123,51,0.0124584
0.514655,0.0015799,,0.0025034,1.62e-05,541,123,312,0.0728005
0.514537,0.96865,,2.38e-05,1.37e-05,2012,123,74,0.0184176
0.514371,0.3765084,,0.0224619,2.0406324,1093,123,52,0.0208293
0.513942,0.0397267,,0.0153503,1.7366706,4334,123,10,0.0112261
0.513806,0.0111585,,3.8311137,0.0014443,2,123,712,0.0287644
0.513511,0.0239329,,68.1219991,0.0011387,15,123,3,0.0334159
0.513246,0.1121066,,0.0003105,0.0944849,2720,123,184,0.0708285
0.513135,0.0156996,,0.0037705,3.6224334,2719,123,316,0.0147688
0.513067,0.1970152,,0.1171618,0.0066237,259,123,98,0.0507755
0.51305,0.0168871,,125.5736755,0.0129574,852,123,2,0.0100508
0.513032,0.574299,,0.0078356,0.0230698,5963,123,8,0.0403672
0.512518,0.1333496,,3.9887579,0.4400594,5640,123,168,0.0155451
0.511932,0.0340396,,4.58e-05,0.0007489,32,123,9,0.0133841
0.511411,0.0020438,,0.000282,0.0047625,431,123,719,0.1238442
0.511372,0.4755458,,0.0021894,0.0004317,6754,123,34,0.0834074
0.511359,0.0073729,,4.7437825,39.4508256,32,123,25,0.3453669
0.511093,0.0093608,,46.7828181,0.0073436,2,123,2,0.0213585
0.510712,0.0025753,,2.57e-05,0.0001041,487,123,141,0.0715309
0.510224,0.0626382,,1.09e-05,0.0003951,4069,123,11,0.31275
0.510173,0.0213419,,0.0218566,0.0002398,521,123,21,0.0483747
0.509789,0.0208655,,0.1555851,0.4415074,524,123,74,0.015857
0.509589,0.0141966,,0.0123798,4.7672622,2,123,11,0.0149619
0.509205,0.2535693,,3.2025851,0.0033798,1,123,39,0.172653
0.508996,0.0276599,,5.13e-05,0.5448995,517,123,22,0.0140281
0.508877,0.0103772,,0.0002539,0.0036427,3,123,12,0.105723
0.508811,0.0073713,,2.2286259,0.0017122,31,123,26,0.0397762
0.508796,0.005514,,89.6410428,0.0359227,713,123,2,0.0123371
0.508631,0.0222633,,0.0537677,0.0009392,686,123,24,0.0110564
0.508379,0.1047547,,0.0014063,6.1e-05,417,123,6,0.256908
0.508318,0.0712723,,8927.0956398,1.0295791,1,123,47,0.0214023
0.508243,0.029341,,5.81e-05,0.0008527,15,123,26,0.0121034
0.508232,0.0247698,,2e-05,0.0011736,11,123,15,0.0109016
0.508092,0.030544,,0.0019857,0.0282844,466,123,161,0.0312726
0.508085,0.3586504,,0.0505405,0.1775865,27,123,9,0.0250925
0.508027,0.9723582,,0.000245,0.2106688,5091,123,23,0.0805224
0.507709,0.0033804,,0.1981564,0.0011775,287,123,113,0.1814921
0.507672,0.0034752,,2.93e-05,0.0067275,518,123,9,0.0372229
0.507615,0.0560167,,0.3125627,0.0012235,414,123,672,0.0551098
0.507459,0.0083426,,0.0105399,0.0010214,30,123,1,0.0304948
0.507188,0.0142247,,0.0004781,0.004213,2,123,12,0.0120227
0.507079,0.8233023,,0.0135477,0.0023272,1940,123,92,0.0673672
0.507064,0.0050659,,8.9941243,0.131601,76,123,245,0.0150835
0.506875,0.0673809,,0.0003867,8.9992187,596,123,51,0.0546108
0.506361,0.0029377,,0.0048906,0.0335711,12,123,35,0.0619641
0.506317,0.6807514,,0.0002895,0.0009953,4558,123,87,0.1208725
0.505914,0.071054,,0.0133889,0.0041885,7,123,17,0.368058
0.505805,0.7509111,,0.0005249,126.9298733,17,123,138,0.0549486
0.50564,0.0234239,,0.3493225,0.0008267,557,123,333,0.0141006
0.505575,0.0168378,,0.1844437,23.706436,1495,123,132,0.011218
0.505509,0.0434216,,2.24e-05,0.0082911,3,123,25,0.0285268
0.505506,0.0026116,,3.85e-05,0.0002984,79,123,159,0.0693934
0.505405,0.0506574,,0.0002133,0.0162526,16,123,209,0.0291738
0.505209,0.0025192,,0.0001114,0.000704,10,123,125,0.0301979
0.505115,0.0875377,,0.0015703,0.0036193,39,123,26,0.0147794
0.505071,0.0297373,,0.0328167,0.4251944,7,123,2,0.1753335
0.504886,0.11508,,3.43e-05,0.0021291,64,123,2,0.0141424
0.50467,0.0668704,,0.0006781,2.6858709,1524,123,21,0.4874626
0.504566,0.007888,,0.0093001,0.5120244,8,123,8,0.0182381
0.504435,0.0237879,,0.0265506,3.36e-05,8,123,14,0.0393943
0.504259,0.0173618,,19.6961534,0.0005685,61,123,527,0.1011986
0.50414,0.0294672,,31.288752,19.8689676,1570,123,2,0.0201885
0.504119,0.021199,,20.7682151,0.0144805,596,123,5,0.0115759
0.504117,0.0039195,,19.1821783,0.0567725,53,123,162,0.0784479
0.504114,0.0023685,,0.0004138,0.0001124,6149,123,45,0.2025367
0.50387,0.0011615,,0.0001422,0.0009173,404,123,111,0.094519
0.503752,0.0355789,,6.42e-05,0.0003665,323,123,1,0.1574958
0.503707,0.0086396,,0.0032391,0.0006442,8,123,6,0.0244756
0.503551,0.0317169,,0.0003408,0.0021969,54,123,8,0.0241485
0.503527,0.0659014,,0.1320512,1.3861622,7,123,2,0.0182372
0.503513,0.1613775,,1.14e-05,0.0100295,26,123,30,0.0837956
0.503464,0.0179693,,1.1e-05,0.000647,7763,123,7,0.258302
0.503374,0.4165634,,2.1002873,0.7333122,1029,123,3,0.1839413
0.503165,0.0120472,,16.4741367,2.1800718,8265,123,3,0.0107856
0.503076,0.0034701,,0.0001183,0.0009862,451,123,22,0.0235988
0.503043,0.0460051,,2.61e-05,0.0033835,21,123,7,0.0144419
0.50296,0.0036855,,0.0002135,0.0001004,84,123,1,0.0257492
0.502915,0.0354991,,6.0931824,1.47e-05,19,123,14,0.0865647
0.502791,0.3323076,,32.8330729,1.804793,1596,123,19,0.0100278
0.502373,0.2296841,,13.0065767,3.02e-05,336,123,177,0.1734481
0.502268,0.0050422,,4.55e-05,0.000494,25,123,246,0.088111
0.50225,0.0086214,,2.5620401,1981.1271742,54,123,57,0.0195675
0.501575,0.2381136,,0.1085357,1.0966377,307,123,23,0.0432786
0.501572,0.0111265,,11.5264647,0.0001748,313,123,869,0.1437466
0.50154,0.058093,,108.1885185,0.0222237,345,123,2,0.0128517
0.501491,0.0223165,,11.7513347,10.608414,1330,123,1,0.0103005
0.501453,0.0040341,,1.46e-05,0.0001075,15,123,78,0.2463243
0.501403,0.1471012,,0.0008094,0.0261158,6,123,32,0.0358769
0.501329,0.1753368,,0.0048923,0.9869113,441,123,7,0.0303976
0.500998,0.0040788,,0.0001616,0.0007085,54,123,190,0.0601286
0.50065,0.0835457,,0.0043299,0.053462,27,123,6,0.0125019
0.500571,0.0043262,,0.0004372,0.0002563,401,123,195,0.0249208
0.500524,0.0405747,,3.32e-05,0.0005595,45,123,7,0.0142143
0.500395,0.0318303,,118.4582216,0.2347154,258,123,131,0.0107611
0.500387,0.0451722,,22.5521713,6.6e-05,341,123,11,0.0437236
0.500339,0.0462549,,1.69e-05,0.0873613,59,123,60,0.0378712
0.500327,0.0067345,,1.5756309,0.0415914,371,123,26,0.0100943
0.500312,0.0043848,,7.9526947,0.0135543,46,123,539,0.0208319
0.500271,0.0202905,,0.000431,0.0005736,93,123,153,0.0117734
0.500256,0.0015796,,0.0098228,1.51e-05,6727,123,235,0.3586083
0.500233,0.0488733,,31.5005938,0.0004128,278,123,3,0.080304
0.500178,0.4999361,,0.0174041,0.0001613,69,123,501,0.4325409
0.500104,0.0085095,,1.6935681,0.0384678,1,123,51,0.0100481
0.500091,0.0347331,,1.01e-05,0.0032342,1,123,18,0.0200875
0.49999,0.0055592,,1.1545975,0.0017869,376,123,131,0.0115354
0.499938,0.0149752,,0.1569472,1.6288069,1358,123,3,0.1591686
0.499734,0.0014238,,0.0002926,0.002586,6,123,217,0.0832666
0.499655,0.1260761,,0.0653962,0.9193237,34,123,21,0.0450304
0.499469,0.3204467,,7.4744204,0.0004058,4,123,295,0.0689553
0.499446,0.0010148,,1.9158376,0.2907454,5,123,53,0.0367986
0.499342,0.027404,,4.08e-05,0.0020922,23,123,227,0.0446056
0.499265,0.0380743,,0.0002986,0.0182093,22,123,46,0.0265326
0.499234,0.0943673,,10514.4713841,228.4541861,7,123,86,0.1875511
0.499089,0.8959195,,1.78e-05,9.98e-05,44,123,318,0.0261095
0.499037,0.0472502,,9.92e-05,0.8075789,1646,123,80,0.0100016
0.498934,0.0080676,,4.35e-05,0.0092712,317,123,1,0.0283461
0.498673,0.0028798,,0.0003305,3.56e-05,5,123,33,0.1290455
0.498524,0.0366948,,7.35e-05,0.0013184,82,123,394,0.0224074
0.498499,0.0011591,,1.1e-05,2.82e-05,328,123,72,0.0525366
0.498256,0.2244664,,179.6830781,96643.7679153,2,123,270,0.1998623
0.498254,0.003355,,54.8164678,0.0002267,655,123,909,0.0475963
0.498228,0.023933,,4.56e-05,0.0001903,147,123,22,0.0100316
0.498225,0.0460422,,0.0416505,0.019861,262,123,4,0.0878791
0.497766,0.0968987,,0.001373,0.0118003,415,123,245,0.0144021
0.497669,0.074742,,3.17e-05,0.0023553,2,123,5,0.028074
0.497645,0.0196868,,0.0005196,896.2140881,5,123,64,0.0296775
0.497539,0.0182837,,0.0034611,54.295879,733,123,47,0.0170245
0.497454,0.0670874,,0.0685517,1.4601683,9,123,38,0.0166323
0.4973,0.049958,,0.0002032,0.0050191,75,123,19,0.3840552
0.496871,0.0086383,,0.000138,0.0384277,91,123,35,0.0217881
0.496828,0.0409473,,4690.8547141,0.0527306,74,123,15,0.042248
0.496687,0.12839,,0.0003002,1.315173,1,123,738,0.010975
0.496654,0.2922561,,0.0026825,0.0308866,789,123,440,0.0638125
0.496332,0.0420666,,0.0021944,0.4287441,5,123,208,0.0198337
0.496298,0.0053577,,0.0480236,3.67e-05,246,123,109,0.0372708
0.496055,0.0192158,,144.2822431,0.0001327,209,123,8,0.0257752
0.495924,0.0915812,,24944.6392741,5.79e-05,52,123,55,0.0166766
0.495875,0.2501282,,5.051804,2.67e-05,109,123,743,0.1180781
0.495252,0.1465359,,20.4206501,16.1632367,3571,123,67,0.0177103
0.495083,0.1002112,,0.0004558,6.4340929,420,123,116,0.0231229
0.495051,0.0234359,,200.4150017,1.32e-05,12,123,3,0.1854187
0.494641,0.0714184,,295.770969,9.39e-05,132,123,273,0.0395356
0.49455,0.0221552,,0.5473074,13895.1328792,103,123,9,0.1166336
0.494331,0.0011386,,1.65e-05,162.0908524,18,123,71,0.0774394
0.493756,0.1254797,,0.0002293,0.0033056,227,123,309,0.0459204
0.493533,0.0385115,,644.1282887,0.0011073,10,123,5,0.0419695
0.493475,0.0201794,,0.0004472,0.0003444,204,123,5,0.0179322
0.493405,0.0022558,,0.0228025,1.98e-05,100,123,73,0.0247597
0.49328,0.7910835,,0.7352003,0.3362888,13,123,37,0.023928
0.493142,0.1299724,,421.0173745,3.83e-05,18,123,690,0.0293375
0.49294,0.566088,,0.0240816,25.5369769,21,123,60,0.0214727
0.492898,0.0284585,,0.0002114,0.0029985,118,123,10,0.018528
0.49281,0.2156808,,0.0122603,0.5840546,38,123,22,0.0139227
0.492774,0.00101,,0.0011917,0.0001695,4,123,167,0.0356842
0.492043,0.0303778,,0.5667767,0.5952401,4934,123,249,0.1370755
0.491933,0.1475224,,9.33e-05,0.0001984,221,123,43,0.0630902
0.491554,0.1193477,,0.0332661,0.0017759,253,123,58,0.0314356
0.491268,0.2043748,,2.87e-05,0.0028991,5892,123,15,0.3827543
0.491096,0.0015277,,9.31e-05,7.41e-05,144,123,4,0.033144
0.491044,0.0010117,,2.27e-05,3.26e-05,1,123,258,0.1133384
0.491009,0.0017544,,0.005091,0.0003158,1274,123,130,0.4434472
0.491002,0.001127,,0.003253,1.75e-05,1,123,91,0.0866567
0.490559,0.0032395,,0.0120177,0.0038167,205,123,84,0.0256164
0.490113,0.0911562,,2.78e-05,0.0019623,360,123,78,0.0211001
0.488987,0.0371057,,0.0108146,0.0006878,201,123,541,0.0100887
0.488338,0.0215707,,0.0054468,0.0021347,2479,123,14,0.48753
0.488027,0.214314,,1.27e-05,0.0003466,242,123,83,0.0315964
0.486802,0.0581602,,1.0328535,0.991623,6780,123,412,0.0224957
0.486734,0.051884,,0.9356973,0.0056222,120,123,11,0.0528339
0.485974,0.0325453,,0.2250828,0.0307047,4,123,97,0.0227012
0.485639,0.2222603,,0.0084432,0.0002058,4,123,6,0.0100103
0.485453,0.1904954,,38.8993225,1.04e-05,67,123,23,0.0604254
0.485122,0.0026556,,2.67e-05,0.0002913,4393,123,99,0.3326841
0.485046,0.0108664,,1.1972588,0.2688938,176,123,1,0.0254286
0.483681,0.1935042,,5.61e-05,0.0111148,104,123,42,0.0118907
0.481939,0.0023208,,0.0002576,0.0001058,116,123,488,0.0593783
0.480908,0.0012658,,0.006123,1.59e-05,168,123,281,0.046969
0.480833,0.0790006,,0.0001954,9.0907625,161,123,6,0.0156956
0.479101,0.0321565,,4.48e-05,10.7613034,42,123,121,0.0578047
0.476315,0.170143,,6.17e-05,0.0036654,175,123,125,0.0251524
0.473491,0.0533651,,0.0096025,0.0003968,91,123,3,0.1068026
0.471548,0.0096001,,0.001106,1.727846,127,123,37,0.0365717
0.462127,0.0523699,,0.0026024,9.96e-05,115,123,2,0.1403964
0.460121,0.0028102,,0.0004918,4.66e-05,143,123,529,0.1153601
0.446008,0.0015349,,0.4220697,0.0090994,146,123,55,0.2127602
-0.0,0.0877915,,75221.4982942,0.0222261,2009,123,425,0.0124426
-0.0,0.0448323,,7810.6512874,0.3554672,2501,123,7,0.0149085
-0.0,0.0773577,,0.0040938,88647.7072165,1002,123,32,0.0352727
-0.0,0.0256408,,2880.6211305,0.8050814,1999,123,3,0.0170176
-0.0,0.0078602,,557.4874335,0.1074587,1014,123,3,0.0150751
-0.0,0.0281786,,253.0113387,5.1095861,2423,123,7,0.0193751
-0.0,0.2568908,,0.6879032,995.3754143,8777,123,66,0.0220818
-0.0,0.0631375,,419.6749023,0.0133298,1617,123,6,0.0289013
-0.0,0.0150951,,227.7916703,0.0015044,7169,123,3,0.018722
-0.0,0.0252851,,2071.4165683,0.0312091,5879,123,6,0.0130938
-0.0,0.0230288,,1401.7247365,0.0023525,2207,123,5,0.0139514
-0.0,0.0088972,,670.2527038,0.0440873,1820,123,7,0.0175261
-0.0,0.0016401,,1.01e-05,1678.8689116,824,123,30,0.2164274
-0.0,0.04956,,0.0001599,4890.7169341,187,123,13,0.0610212
-0.0,0.0055479,,1.69e-05,457.9795201,931,123,132,0.089081
-0.0,0.0186945,,434.0232668,0.0106017,3640,123,10,0.0253962
-0.0,0.0029164,,15219.8503902,0.0058247,5131,123,5,0.0160465
-0.0,0.0246486,,349.3214392,0.1307571,2041,123,16,0.0156531
-0.0,0.4531733,,0.1914302,103.1536895,2743,123,952,0.0387938
-0.0,0.0418003,,1025.4954906,0.2243408,1307,123,1,0.0179967
-0.0,0.0691133,,597.7444754,0.0019908,1447,123,6,0.0190853
-0.0,0.0211552,,3.2379836,252.1054766,1760,123,386,0.0251771
-0.0,0.0014216,,0.0082198,807.6371894,2032,123,57,0.097791
-0.0,0.0336071,,74.3826617,96.4616193,154,123,22,0.4145584
-0.0,0.1300117,,0.0100114,47350.5425711,289,123,394,0.1119416
-0.0,0.0091083,,41035.564087,387.6818698,4441,123,9,0.1029245
-0.0,0.3509546,,0.0001754,196.2760748,395,123,12,0.4146713
-0.0,0.0817604,,0.0020618,2084.6364028,7046,123,12,0.0223697
-0.0,0.0931829,,31714.1306119,0.2654103,991,123,15,0.0148337
-0.0,0.0573973,,0.0001285,7996.9817074,3849,123,8,0.0101728
-0.0,0.0012145,,2738.987141,2.3e-05,208,123,31,0.0110722
-0.0,0.072388,,0.0001084,634.4930265,9704,123,25,0.2177472
-0.0,0.051878,,20076.3480853,7.8195423,4953,123,51,0.0341741
-0.0,0.0010342,,0.0003721,26352.5846481,1385,123,125,0.1158471
-0.0,0.0010118,,1701.4516366,0.0002514,1673,123,109,0.0399941
-0.0,0.0018872,,625.2554979,0.0079722,4603,123,828,0.0707218
-0.0,0.9056939,,3.76e-05,7.5085066,7128,123,4,0.4338058
-0.0,0.0018827,,1.05e-05,85033.5822562,363,123,50,0.1486581
-0.0,0.0382371,,154.4095626,0.0013207,1701,123,3,0.0204045
-0.0,0.0011176,,0.0006549,3367.5839379,1064,123,42,0.1606712
-0.0,0.0041458,,2.06e-05,35.345142,2082,123,433,0.0963787
-0.0,0.001013,,3.41e-05,39738.3807879,1237,123,280,0.0609391
-0.0,0.0093234,,2.68e-05,340.0778721,1741,123,38,0.0331662
-0.0,0.0559142,,5809.6866187,0.0012006,9991,123,23,0.0100306
-0.0,0.0111822,,214.3781192,31.947033,7998,123,13,0.022365
-0.0,0.0129127,,35183.6653223,4.24e-05,528,123,9,0.0346615
-0.0,0.077318,,33.167241,0.0876221,1805,123,2,0.1301802
-0.0,0.0193379,,178.8817901,0.0095049,5103,123,5,0.0222851
-0.0,0.0051109,,263.6508748,2.9125807,226,123,1,0.0828675
-0.0,0.0068217,,51051.2935402,0.0160741,724,123,10,0.0100153
-0.0,0.0189393,,3735.8440996,0.4767911,4023,123,15,0.0100898
-0.0,0.0416496,,0.0746652,9153.4481433,166,123,43,0.0697085
-0.0,0.1035966,,119.4866501,6.88e-05,549,123,5,0.2288745
-0.0,0.0242784,,90.4959742,6.0031116,2269,123,4,0.0508283
-0.0,0.018808,,869.6070008,0.0003345,738,123,9,0.0402419
-0.0,0.010643,,277.3222107,0.0705687,1557,123,7,0.0187844
-0.0,0.0084913,,87610.5347985,0.0158598,2625,123,4,0.0136749
-0.0,0.0223561,,41670.8613897,0.000218,9956,123,10,0.0628102
-0.0,0.001729,,3087.0876245,0.0037642,180,123,498,0.2815082
-0.0,0.0609492,,5361.2821373,267.1387456,1375,123,268,0.0552901
-0.0,0.0793338,,67.6066893,0.000372,2204,123,252,0.0428516
-0.0,0.0641116,,88.8224621,48.646957,5784,123,45,0.0330606
-0.0,0.1317758,,12152.1027262,0.0006636,630,123,12,0.0349074
-0.0,0.028907,,698.2207942,3.65e-05,141,123,634,0.0385412
-0.0,0.0507076,,361.2318648,6.08e-05,507,123,987,0.0802031
-0.0,0.0433168,,66.0581816,0.0002256,3405,123,473,0.0753675
-0.0,0.0996131,,119.676178,2.31e-05,650,123,693,0.0589538
-0.0,0.0204685,,150.6748479,0.0719235,1472,123,18,0.0489197
-0.0,0.029523,,584.5381942,0.5844863,804,123,66,0.0646265
-0.0,0.4381779,,0.0079284,139.174107,4272,123,160,0.020804
-0.0,0.0378885,,10428.3114994,0.0069142,8261,123,29,0.0153144
-0.0,0.0116676,,1529.9015922,0.0906591,475,123,6,0.0192796
-0.0,0.0091135,,12626.7740803,0.0014254,381,123,342,0.0319235
-0.0,0.093386,,489.4056745,0.0070215,1801,123,427,0.0610145
-0.0,0.0422508,,1797.1271004,0.0267774,2223,123,13,0.0226741
-0.0,0.0671499,,430.1227478,3.72e-05,1353,123,12,0.0673812
-0.0,0.0272823,,279.7547236,2.61e-05,2257,123,16,0.049637
-0.0,0.0215891,,242.1682763,0.0001703,1534,123,7,0.046997
-0.0,0.0078595,,91.6261898,1.91e-05,578,123,20,0.05752
-0.0,0.0140563,,1056.5953361,4.05e-05,3432,123,1,0.054078
-0.0,0.0103823,,182.5568669,7.76e-05,1093,123,10,0.0433776
-0.0,0.0306006,,43.7146358,0.0001202,1780,123,5,0.0668211
-0.0,0.0515954,,4045.4721889,0.0004636,2529,123,288,0.0766262
-0.0,0.11811,,1592.4127502,0.002349,1031,123,4,0.0256886
-0.0,0.1152946,,0.0881814,4640.2124846,4034,123,95,0.0619651
-0.0,0.7620247,,61.4718085,0.008257,3895,123,9,0.0363176
-0.0,0.1231033,,2310.5816482,9.47e-05,1803,123,29,0.0560901
-0.0,0.0748623,,128.2566753,60977.1413222,957,123,1,0.0371594
-0.0,0.0180284,,0.0007366,0.0096543,9998,123,74,0.4908035
-0.0,0.0278999,,1.01e-05,24201.77408,5153,123,153,0.0300072
-0.0,0.0256556,,363.8025898,0.043194,3101,123,21,0.023991
-0.0,0.0317582,,199.8498023,0.0091888,2132,123,12,0.0313473
-0.0,0.0040112,,6955.7663694,0.0184759,1302,123,33,0.1640725
-0.0,0.0619882,,313.7202993,0.0173212,2607,123,107,0.010075
-0.0,0.0102184,,996.469245,0.2646404,909,123,2,0.0103119
-0.0,0.0064089,,24069.8454531,0.1945698,5614,123,2,0.0129465
-0.0,0.0126792,,0.0288456,492.7103165,4008,123,105,0.0185489
-0.0,0.045585,,2793.7662116,0.0013407,4847,123,226,0.0219357
-0.0,0.0347805,,1259.2153064,1.2047582,1866,123,167,0.0132884
-0.0,0.0182081,,666.2797419,0.3083012,8276,123,91,0.0155776
-0.0,0.0227878,,179.4453582,0.0586369,5013,123,26,0.0165751
-0.0,0.0413015,,0.0067282,28899.8150518,9825,123,195,0.0147011
-0.0,0.0162115,,4592.8168005,1.0023019,1841,123,1,0.0149865
-0.0,0.1259808,,0.0001855,178.3295499,9832,123,12,0.0309423
-0.0,0.2090494,,1270.9856726,2.9855764,4510,123,196,0.0281189
-0.0,0.0097325,,17783.8851452,0.0143829,1159,123,13,0.0483546
-0.0,0.0073121,,1198.5018445,3.5901732,1163,123,3,0.011832
-0.0,0.0148585,,451.9064279,0.0342587,3612,123,2,0.0142623
-0.0,0.066461,,3171.4445592,0.3452106,7957,123,13,0.0183872
-0.0,0.0184555,,0.0028753,1831.3317833,3005,123,29,0.0330255
-0.0,0.0345888,,60538.0095417,4.8748991,5460,123,83,0.330548
-0.0,0.0178948,,353.9733411,0.0284067,1593,123,9,0.0288761
-0.0,0.0381187,,792.4506841,0.2081418,1581,123,10,0.0255727
-0.0,0.042026,,275.0488778,0.0067041,3434,123,7,0.0213824
-0.0,0.0554028,,91.1071384,0.1188393,1113,123,36,0.0752563
-0.0,0.0155835,,5433.7157653,0.0122254,1909,123,16,0.0227226
-0.0,0.0597415,,176.5086517,0.0458895,2860,123,2,0.0156192
-0.0,0.0241811,,2402.2359214,0.0153607,4396,123,277,0.0188103
-0.0,0.026001,,497.8670737,0.0050843,2150,123,4,0.0199629
-0.0,0.0119822,,223.1483351,0.1651033,7384,123,67,0.1967399
-0.0,0.0016304,,0.0067459,11272.5660117,9974,123,51,0.0803482
-0.0,0.3093921,,2.48e-05,17.230756,6034,123,158,0.1831749
-0.0,0.0988234,,1958.1066757,0.0601649,6097,123,8,0.0136793
-0.0,0.0517589,,816.7398327,1.7559239,2505,123,12,0.0166052
-0.0,0.0289368,,8316.7174605,0.1159853,3869,123,6,0.0113054
-0.0,0.0035029,,0.0014613,54.1908771,2597,123,273,0.1056324
-0.0,0.5389096,,1041.6745542,0.0001149,6684,123,357,0.0681131
